TransactionID,SaleDate,CustomerID,ProductID,StoreID,CampaignID,SaleAmount,Shipping,State
1,5/4/2025,1034,2059,402,0,2048.2,89.76,KS
2,5/4/2025,1066,2048,403,1,321.87,71.63,OK
3,5/4/2025,1116,2041,403,3,3216.84,25.45,AR
4,5/4/2025,1071,2096,404,2,1613.23,97.45,OK
5,5/4/2025,1020,2060,401,0,408.38,67.82,IL
6,5/4/2025,1089,2028,401,0,1275.88,38.75,IL
7,5/4/2025,1193,2003,402,1,346.66,30.65,CO
8,5/4/2025,1005,2079,402,1,855.49,30.44,NE
9,5/4/2025,1032,2060,401,1,735.08,18.57,IA
10,5/4/2025,1119,2089,403,2,661.63,99.77,CO
11,5/4/2025,1042,2077,401,,505.65,41.55,MN
12,5/4/2025,1079,2013,401,2,0,69.76,CO
13,5/4/2025,1147,2086,404,3,4470.5,73.37,CO
14,5/4/2025,1183,2025,401,1,503.32,77.44,CO
15,5/4/2025,1026,2089,403,0,413.52,98.61,IL
16,5/4/2025,1144,2005,403,3,1715.12,77.75,IA
17,5/4/2025,1169,2047,401,2,535.97,76.75,NE
18,5/4/2025,1003,2053,404,0,3660.9,11.08,MO
19,5/4/2025,1110,2046,404,1,30.09,86.67,KS
20,5/4/2025,1111,2022,403,3,671.18,28.08,TX
21,5/4/2025,1119,2055,403,2,?,68.97,KS
22,5/4/2025,1062,2011,403,3,1229.22,31.46,NE
23,5/4/2025,1062,2096,404,3,672.18,free,NE
24,5/4/2025,1086,2003,404,2,924.43,93.02,TX
25,5/4/2025,1046,2062,402,2,1981.95,10.56,CO
26,5/4/2025,1066,2043,403,2,698.76,53.24,IA
27,5/4/2025,1142,2001,402,0,1237.05,8.78,KS
28,5/4/2025,1061,2092,404,3,482.21,42.6,IL
29,5/4/2025,1142,2097,402,3,4210.5,58.48,KS
30,5/4/2025,1165,2091,404,3,4528.95,19.99,CO
31,2023-13-01,1004,2011,403,1,737.53,14.84,IA
32,5/4/2025,1103,2088,402,2,0,70.31,IL
33,5/4/2025,1169,2074,403,3,0,NaN,IL
34,5/4/2025,1141,2067,403,3,872.85,19.16,MO
35,5/4/2025,1190,2070,403,2,54.69,86.77,AR
36,5/4/2025,1179,2058,403,2,1066.8,19.68,NE
37,5/4/2025,1064,2029,401,1,12.16,36.56,OK
38,5/4/2025,1080,2015,402,1,3037.36,86.57,NE
39,5/4/2025,1055,2094,404,2,1578.72,42.85,IL
40,5/4/2025,1185,2075,403,0,0,94.23,KS
41,5/4/2025,9999,2037,402,2,288.11,37.84,AR
42,5/4/2025,1045,2038,401,1,1667.72,54.39,CO
43,5/4/2025,1070,2005,401,2,686.05,64.2,KS
44,5/4/2025,1178,2016,404,0,0,44.94,OK
45,5/4/2025,1003,2073,403,3,1498.29,45.84,MN
46,5/4/2025,1122,2056,403,1,944.5,74.92,KS
47,5/4/2025,1013,2032,404,0,2836.8,81.62,XX
48,5/4/2025,1016,2051,404,0,117.32,41.48,OK
49,5/4/2025,1147,2080,401,1,0,49.13,CO
50,5/4/2025,1038,2072,403,0,840.6,95.25,TX
51,5/4/2025,1063,2015,404,1,1214.95,50.09,IL
52,5/4/2025,1198,2066,404,3,516.06,27.28,AR
53,5/4/2025,1113,2038,404,2,2223.62,43.72,CO
54,5/4/2025,1145,2079,401,0,1901.08,"1,200",OK
55,5/4/2025,1195,2026,402,2,507.74,56.88,MN
56,5/4/2025,1169,2010,402,1,140.11,73.8,TX
57,5/4/2025,1044,2070,401,1,0,45.72,TX
58,5/4/2025,1000,2052,404,3,2193.78,95.36,OK
59,5/4/2025,1074,2004,402,2,741.8,79.22,MO
60,5/4/2025,1180,2036,404,0,217.98,95.04,TX
61,5/4/2025,1175,2029,403,1,36.48,96.65,KS
62,5/4/2025,1108,2014,402,1,221.67,61.25,NE
63,5/4/2025,1068,2018,401,0,2169.04,37.98,OK
64,5/4/2025,1042,2039,403,3,2929.32,51.57,OK
65,5/4/2025,1031,2059,403,3,0,30.66,CO
66,5/4/2025,1069,2064,404,3,1470.2,31.5,TX
67,5/4/2025,1020,2076,401,3,4836.42,22.27,NE
68,5/4/2025,1188,2041,403,0,1608.42,13.13,OK
69,5/4/2025,1023,2029,401,2,0,26.05,NE
70,5/4/2025,1147,2005,402,3,0,71.77,IL
71,5/4/2025,1132,2083,404,2,614.53,23.2,TX
72,5/4/2025,1046,2074,404,3,659.5,39.28,K S
73,5/4/2025,1023,2060,403,3,1225.14,51.63,MO
74,5/4/2025,1085,2041,401,1,1447.58,83.1,OK
75,5/4/2025,1084,2052,404,2,2925.04,28.58,CO
76,5/4/2025,1169,2051,401,3,117.32,86.72,OK
77,5/4/2025,1022,2040,403,2,55.26,12.71,NE
78,5/4/2025,1029,2098,404,0,3631.44,72.16,TX
79,5/4/2025,1168,2069,404,3,232.39,26.36,IA
80,5/4/2025,1013,2024,403,3,372.81,32.42,KS
81,5/4/2025,1160,2056,401,1,472.25,20 usd,AR
82,5/4/2025,1068,2070,402,2,109.38,68.87,IL
83,5/4/2025,1112,2089,404,0,2067.6,46.41,TX
84,5/4/2025,1007,2080,402,1,1498.07,52.07,OK
85,5/4/2025,1079,2070,401,3,34.18,53.89,MO
86,5/4/2025,1023,2028,401,3,2551.76,77.2,NE
87,5/4/2025,1030,2082,402,3,799.8,80.93,IA
88,5/4/2025,1183,2037,403,3,2160.84,66.53,IA
89,5/4/2025,1123,2060,402,3,2450.28,57.37,OK
90,5/4/2025,1141,2018,404,1,2440.17,93.75,CO
91,5/4/2025,1153,2065,402,0,470.34,47.42,TX
92,5/4/2025,1070,2098,404,2,0,59.32,NE
93,5/4/2025,1129,2034,401,2,108.94,80.28,IA
94,5/4/2025,1185,2038,404,1,1667.72,91.49,MO
95,5/4/2025,1114,2068,404,2,656.19,42.76,KS
96,5/4/2025,1085,2070,404,3,0,87.88,MO
97,5/4/2025,1082,2024,402,3,372.81,65.21,KS
98,5/4/2025,1059,2099,404,0,1292.64,32.87,AR
99,5/4/2025,1081,2095,404,3,490.79,41.34,NE
100,5/4/2025,1098,2084,402,3,0,49.2,IL
101,5/4/2025,1009,2016,403,0,969.06,48.4,IL
102,5/4/2025,1112,2012,404,0,1869.57,33.05,OK
103,5/4/2025,1184,2018,404,1,488.03,90.78,NE
104,5/4/2025,1019,2060,403,2,0,84.64,KS
105,5/4/2025,1159,2088,404,0,0,17.48,IL
106,5/4/2025,1084,2086,404,2,2861.12,30.89,IA
107,5/4/2025,1160,2091,404,0,905.79,18.37,NE
108,5/4/2025,1158,2008,402,2,159.82,48.2,IL
109,5/4/2025,1058,2095,401,3,2453.95,58.33,MN
110,5/4/2025,1025,2097,401,3,842.1,94.89,IL
111,5/4/2025,1042,2088,403,0,709.35,94.87,OK
112,5/4/2025,1011,2041,401,2,0,31.58,AR
113,5/4/2025,1091,2047,404,1,0,39.07,OK
114,5/4/2025,1062,2067,404,1,0,9.8,AR
115,5/4/2025,1043,2022,401,3,2684.72,87.62,AR
116,5/4/2025,1158,2087,402,3,477.96,80.86,KS
117,5/4/2025,1149,2018,402,3,1626.78,9.98,OK
118,5/4/2025,1163,2032,404,2,756.48,94.81,MO
119,5/4/2025,1170,2001,404,2,659.76,85.49,OK
120,5/4/2025,1173,2069,402,0,464.78,31.13,MN
121,5/4/2025,1113,2044,403,3,0,15.87,CO
122,5/4/2025,1176,2032,404,2,756.48,34.69,AR
123,5/4/2025,1050,2049,404,0,2819.52,14.17,AR
124,5/4/2025,1060,2048,403,2,1144.42,94.41,OK
125,5/4/2025,1179,2037,401,3,1440.56,67.39,NE
126,5/4/2025,1070,2001,401,3,0,58.29,MN
127,5/4/2025,1073,2099,402,2,0,71.76,IL
128,5/4/2025,1056,2081,402,2,0,7.91,CO
129,5/4/2025,1173,2096,402,0,672.18,13.07,MO
130,5/4/2025,1160,2082,401,2,426.56,44.35,NE
131,5/4/2025,1112,2004,403,1,1669.05,9.31,OK
132,5/4/2025,1023,2037,403,3,2160.84,16.4,TX
133,5/4/2025,1044,2025,402,2,223.7,11.85,MO
134,5/4/2025,1135,2064,403,1,793.91,15.94,MO
135,5/4/2025,1065,2061,403,2,639.74,15.06,OK
136,5/4/2025,1029,2059,401,1,921.69,65.16,CO
137,5/4/2025,1193,2028,404,2,1531.06,18.91,NE
138,5/4/2025,1023,2050,401,2,298.85,58.55,MN
139,5/4/2025,1137,2015,404,2,539.98,19.34,KS
140,5/4/2025,1172,2095,403,3,2453.95,8.57,AR
141,5/4/2025,1163,2047,401,1,301.48,80.22,MO
142,5/4/2025,1120,2003,403,1,1039.99,14.83,AR
143,5/4/2025,1165,2008,404,2,53.27,99.14,CO
144,5/4/2025,1166,2052,401,1,658.13,64.93,AR
145,5/4/2025,1011,2004,403,3,3709,87.96,AR
146,5/4/2025,1029,2012,402,1,0,72.34,KS
147,5/4/2025,1099,2058,403,3,666.75,70.11,CO
148,5/4/2025,1150,2095,402,3,490.79,95.36,AR
149,5/4/2025,1167,2012,404,3,0,56.28,MO 
150,5/4/2025,1071,2004,403,1,834.52,64.35,IA
151,5/4/2025,1113,2056,402,2,839.55,79.46,NE
152,5/4/2025,1025,2087,403,2,0,46.86,IL
153,5/4/2025,1015,2050,403,1,504.31,65.91,AR
154,5/4/2025,1031,2058,401,1,2400.3,91,IA
155,5/4/2025,1164,2081,401,0,2984.88,42.66,AR
156,5/4/2025,1085,2031,402,1,508.77,84.72,AR
157,5/4/2025,1017,2097,402,1,757.89,5.5,XX
158,5/4/2025,1059,2042,402,0,0,16.58,NE
159,5/4/2025,1070,2018,402,2,0,"1,200",MN
160,5/4/2025,1044,2014,401,1,886.68,13.13,AR
161,5/4/2025,1003,2045,402,2,499.42,98.2,IL
162,5/4/2025,1004,2022,403,0,671.18,76.88,K S
163,5/4/2025,1032,2094,404,0,493.35,22.32,IA
164,5/4/2025,1190,2008,404,3,266.36,8.98,IL
165,5/4/2025,1199,2046,401,3,167.15,79.18,AR
166,5/4/2025,1128,2028,401,2,2041.41,52.14,TX
167,5/4/2025,1117,2082,401,0,799.8,56.82,AR
168,5/4/2025,1122,2051,404,0,234.64,47.48,AR
169,5/4/2025,1125,2091,404,0,1811.58,69.54,MO
170,5/4/2025,1020,2041,402,0,0,78.96,AR
171,5/4/2025,1032,2035,403,3,4499.95,12.3,IA
172,5/4/2025,1152,2067,403,3,872.85,41.76,CO
173,5/4/2025,1129,2077,404,0,2809.15,24.02,IA
174,5/4/2025,1179,2014,402,3,738.9,35.36,AR
175,5/4/2025,1115,2029,404,2,0,80.4,CO
176,5/4/2025,1116,2051,404,0,351.96,49.4,CO
177,5/4/2025,1080,2054,403,2,3602.04,43.9,MN
178,5/4/2025,1095,2019,404,0,933.93,79.12,MN
179,5/4/2025,1023,2010,401,3,0,20.64,AR
180,5/4/2025,1024,2095,403,1,3533.69,57.33,IA
181,5/4/2025,1142,2007,403,0,583.39,64.33,MN
182,5/4/2025,1105,2045,404,0,624.28,25.03,MN
183,5/4/2025,1073,2076,403,2,1934.57,81.7,OK
184,5/4/2025,1026,2073,402,1,1797.95,34.7,AR
185,5/4/2025,1168,2061,402,0,599.76,49.31,IL
186,5/4/2025,1089,2071,403,0,0,90.72,AR
187,5/4/2025,1195,2035,402,3,0,7.2,OK
188,5/4/2025,1143,2098,401,2,2178.86,67.15,TX
189,5/4/2025,1007,2023,403,2,751.63,9.3,MO
190,5/4/2025,1086,2044,401,1,373.64,98.96,MN
191,5/4/2025,1036,2072,404,0,1260.9,23.91,CO
192,5/4/2025,1036,2094,401,0,2466.75,89.85,IA
193,5/4/2025,1191,2067,402,3,872.85,83.69,CO
194,5/4/2025,1107,2058,403,1,1800.22,80.69,MO
195,5/4/2025,1094,2039,403,0,1952.88,64.76,MN
196,5/4/2025,1013,2019,402,0,0,46.9,OK
197,5/4/2025,1172,2010,403,3,0,10.92,IA
198,5/4/2025,1169,2054,404,3,900.51,37.52,AR
199,5/4/2025,1106,2034,402,0,136.17,31.51,IL
200,5/4/2025,1088,2055,401,2,129.46,58.25,IL
201,5/4/2025,1173,2086,404,2,715.28,18.92,MO
202,5/4/2025,1011,2028,404,0,0,30.76,CO
203,5/4/2025,1001,2026,403,1,190.4,65.6,MO
204,5/4/2025,1196,2017,403,2,370.96,20,TX
205,5/4/2025,1083,2015,401,3,0,59.54,CO
206,5/4/2025,1191,2055,402,1,48.55,20 usd,TX
207,5/4/2025,1097,2068,402,2,1312.38,15.19,AR
208,5/4/2025,1018,2050,401,3,0,23.32,KS
209,5/4/2025,1004,2058,401,2,1066.8,33.03,NE
210,5/4/2025,1147,2054,404,3,2701.53,22.55,IA
211,5/4/2025,1074,2014,404,0,738.9,60.33,??
212,5/4/2025,1083,2021,404,2,668.33,92.7,IL
213,5/4/2025,1022,2055,401,1,97.09,48.22,MN
214,5/4/2025,1111,2075,404,0,1561.28,69.63,MN
215,5/4/2025,1101,2039,403,1,2636.39,57.03,CO
216,5/4/2025,1085,2099,402,0,646.32,51.44,CO
217,5/4/2025,1130,2081,401,1,1343.2,34.28,MO
218,5/4/2025,1198,2044,403,1,186.82,11.06,MO
219,5/4/2025,1060,2013,402,2,0,78.05,OK
220,5/4/2025,1050,2022,402,0,671.18,67.09,AR
221,5/4/2025,1045,2098,404,3,907.86,97.96,TX
222,5/4/2025,1193,2072,404,2,1681.2,94.05,??
223,5/4/2025,1160,2040,402,3,138.16,68.84,MO
224,5/4/2025,1017,2060,404,2,0,99.38,NE
225,5/4/2025,1070,2075,401,2,624.51,18.61,CO
226,5/4/2025,1129,2009,403,3,198.93,45.58,MO 
227,5/4/2025,1115,2004,401,2,2225.4,40.76,CO
228,5/4/2025,1073,2009,401,3,66.31,44.57,CO
229,5/4/2025,1118,2074,401,3,659.5,73.84,NE
230,5/4/2025,1146,2083,402,2,614.53,81.44,MN
231,5/4/2025,1154,2060,402,0,408.38,NaN,KS
232,5/4/2025,1115,2013,403,0,2806.08,35.55,IL
233,5/4/2025,1129,2082,402,0,1066.4,98.23,TX
234,5/4/2025,1063,2090,404,3,71.64,75.42,MO
235,5/4/2025,1134,2066,402,2,1238.54,84.17,TX
236,5/4/2025,1095,2036,404,3,653.94,48.78,AR
237,5/4/2025,1198,2043,401,2,1397.52,8.21,KS
238,5/4/2025,1016,2042,401,3,0,5.87,CO
239,5/4/2025,1072,2032,402,2,1512.96,"1,200",CO
240,5/4/2025,1020,2074,402,2,527.6,45.9,IA
241,5/4/2025,1079,2083,404,1,691.34,42.71,AR
242,5/4/2025,1152,2090,401,2,57.31,86.53,MO
243,5/4/2025,1143,2048,403,1,0,52.49,OK
244,5/4/2025,1171,2089,401,3,1654.08,70.77,MN
245,5/4/2025,1130,2046,401,2,106.98,-10,MO
246,5/4/2025,1079,2023,402,2,3006.53,58.84,OK
247,5/4/2025,1196,2062,402,1,1114.85,97.56,MO
248,5/4/2025,1035,2019,401,2,0,36.01,IL
249,5/4/2025,1025,2064,401,2,705.7,41.11,MN
250,5/4/2025,1196,2079,402,3,2851.62,42.01,AR
251,5/4/2025,1039,2020,402,1,338.25,47.64,CO
252,5/4/2025,1184,2056,401,3,1574.16,6.17,OK
253,5/4/2025,1093,2086,402,3,3576.4,41.17,IA
254,5/4/2025,1156,2036,404,1,392.36,39.31,NE
255,5/4/2025,1136,2030,403,3,509.91,84.95,OK
256,5/4/2025,1049,2047,404,3,1674.9,35.46,NE
257,5/4/2025,1196,2036,404,3,0,28.03,OK
258,5/4/2025,1041,2025,402,2,671.09,77.92,MO
259,5/4/2025,1013,2082,404,2,1066.4,80.59,OK
260,5/4/2025,1141,2013,401,2,748.29,47.66,MN
261,5/4/2025,1021,2097,402,2,673.68,71.66,CO
262,5/4/2025,1115,2065,402,3,1881.36,0,OK
263,5/4/2025,1023,2028,404,2,510.35,58.01,MN
264,5/4/2025,1006,2053,401,3,610.15,free,IL
265,5/4/2025,1128,2047,402,3,1004.94,50.88,TX
266,5/4/2025,1020,2047,402,0,669.96,7.15,AR
267,5/4/2025,1081,2012,403,1,1682.61,96.05,NE
268,5/4/2025,1035,2004,403,3,927.25,47.71,OK
269,5/4/2025,1178,2017,404,3,1854.8,87.84,IA
270,5/4/2025,1157,2000,401,0,1938.62,41.92,OK
271,5/4/2025,1065,2027,402,3,775.83,63.38,KS
272,5/4/2025,1028,2099,403,1,3490.13,61.66,MN
273,5/4/2025,1077,2015,401,1,1822.42,51.52,IA
274,5/4/2025,1107,2081,404,0,2238.66,41.47,CO
275,5/4/2025,1028,2063,401,1,994.43,7.93,NE
276,5/4/2025,1183,2018,403,3,2711.3,57.22,KS
277,5/4/2025,1000,2078,403,1,0,25.76,OK
278,5/4/2025,1146,2053,402,0,1220.3,82.59,TX
279,5/4/2025,1134,2046,401,0,33.43,62.97,OK
280,5/4/2025,1099,2060,401,3,1633.52,21,IL
281,5/4/2025,1095,2032,401,2,1512.96,79.64,MO
282,5/4/2025,1017,2044,402,0,207.58,77.34,OK
283,5/4/2025,1197,2074,403,1,593.55,13.84,CO
284,5/4/2025,1011,2045,403,1,842.78,85.48,KS
285,5/4/2025,1199,2087,404,3,159.32,45.82,NE
286,5/4/2025,1161,2023,402,0,939.54,89.94,??
287,5/4/2025,1183,2099,404,0,1292.64,20 usd,NE
288,5/4/2025,1075,2025,401,1,0,39.24,KS
289,5/4/2025,1010,2040,403,3,138.16,67.27,tx
290,5/4/2025,1139,2060,403,0,1225.14,16.46,OK
291,5/4/2025,1192,2082,402,2,213.28,33.43,OK
292,5/4/2025,1091,2099,401,2,1034.11,0,IA
293,5/4/2025,1069,2015,403,3,2699.88,13.24,KS
294,5/4/2025,1102,2095,404,3,1472.37,66.24,NE
295,5/4/2025,1086,2023,404,3,3758.16,33.66,CO
296,5/4/2025,1094,2066,403,0,1032.12,41.66,NE
297,5/4/2025,1186,2054,401,3,0,59,AR
298,5/4/2025,1154,2023,403,2,751.63,29.91,MO
299,5/4/2025,1026,2010,403,2,62.27,43.22,CO
300,5/4/2025,1078,2057,404,1,393.28,36.04,MN
301,5/4/2025,1176,2056,403,3,524.72,10.5,KS
302,5/4/2025,1010,2093,403,3,0,6.2,IA
303,5/4/2025,1070,2081,401,0,1492.44,17.06,IL
304,5/4/2025,1171,2081,404,2,596.98,97.63,KS
305,5/4/2025,1131,2095,402,0,1472.37,89.96,KS
306,5/4/2025,1036,2077,404,0,1123.66,93.46,MO
307,5/4/2025,1032,2008,402,2,106.54,30.77,KS
308,5/4/2025,1092,2049,401,1,0,11.55,TX
309,5/4/2025,1173,2057,403,2,349.58,79.53,MN
310,5/4/2025,1113,2097,401,1,757.89,80.62,tx
311,5/4/2025,1135,2046,404,2,80.23,77.1,OK
312,5/4/2025,1166,2035,402,0,899.99,99.71,IL
313,5/4/2025,1006,2094,402,3,1480.05,60.17,CO
314,5/4/2025,1132,2049,401,2,1503.74,29.79,AR
315,5/4/2025,1198,2033,404,1,2257.88,17.93,MN
316,5/4/2025,1156,2036,404,1,784.73,47.93,TX
317,5/4/2025,1031,2017,401,3,0,86.37,IA
318,5/4/2025,1044,2091,404,0,1811.58,7.95,OK
319,5/4/2025,1174,2040,403,0,34.54,10.86,NE
320,5/4/2025,1140,2069,403,2,557.74,82.21,MO
321,5/4/2025,1040,2091,402,2,724.63,16.64,TX
322,5/4/2025,1130,2028,401,1,574.15,21.42,NE
323,5/4/2025,1035,2030,404,0,339.94,28.35,IL
324,5/4/2025,1092,2070,403,3,102.54,80.73,NE
325,5/4/2025,1141,2016,401,0,0,51.04,MN
326,5/4/2025,1079,2050,404,3,186.78,10.57,TX
327,5/4/2025,1196,2052,401,1,2632.54,92.14,MO
328,5/4/2025,1081,2082,401,3,1066.4,61.29,AR
329,5/4/2025,1119,2087,403,1,0,98.86,TX
330,5/4/2025,1199,2070,402,1,30.76,36.51,MN
331,5/4/2025,1110,2064,401,0,0,"1,200",IA
332,5/4/2025,1132,2019,403,1,1681.07,14.6,IL
333,5/4/2025,1041,2041,402,2,643.37,97.03,MN
334,5/4/2025,1132,2036,401,2,348.77,5.17,MN
335,5/4/2025,1050,2081,403,1,2686.39,92.5,MN
336,5/4/2025,1160,2038,401,1,0,20.95,KS
337,5/4/2025,1151,2074,402,1,1187.1,29.38,KS
338,5/4/2025,1168,2079,403,0,1901.08,38.37,OK
339,5/4/2025,1007,2010,401,2,62.27,85.35,MO 
340,5/4/2025,1166,2026,404,0,0,90.32,KS
341,5/4/2025,1127,2080,403,2,1997.42,46.25,MO
342,5/4/2025,1123,2031,404,2,1356.72,31.74,NE
343,5/4/2025,1116,2009,401,1,119.36,67.89,MN
344,5/4/2025,1112,2053,404,3,0,79.56,TX
345,5/4/2025,1052,2043,402,2,698.76,47.35,IL
346,5/4/2025,1183,2040,403,3,103.62,68.47,CO
347,5/4/2025,1033,2097,403,0,4210.5,70.27,TX
348,5/4/2025,1081,2030,404,0,339.94,54.1,MN
349,5/4/2025,1068,2057,402,1,1179.85,16.99,OK
350,5/4/2025,1024,2006,403,3,594,81.7,KS
351,5/4/2025,1157,2053,402,1,1098.27,60.82,OK
352,5/4/2025,1083,2073,403,1,2247.44,79.06,IL
353,5/4/2025,1195,2020,404,3,1879.15,21.36,OK
354,5/4/2025,1127,2039,404,0,1952.88,36.49,tx
355,5/4/2025,1023,2050,404,1,0,33.79,IL
356,5/4/2025,1055,2074,403,0,1978.5,78.53,AR
357,5/4/2025,1012,2036,404,3,653.94,77.15,AR
358,5/4/2025,1073,2068,401,0,2460.72,88.54,MO
359,5/4/2025,1110,2017,403,2,370.96,31.03,TX
360,5/4/2025,1195,2051,403,0,117.32,61.43,IA
361,5/4/2025,1102,2006,402,2,792,13.59,MO
362,5/4/2025,1141,2036,401,3,871.92,43.9,MO
363,5/4/2025,1129,2057,403,0,1747.92,26.26,MN
364,5/4/2025,1032,2012,404,2,997.1,28.94,TX
365,5/4/2025,1086,2071,403,1,553.64,96.82,AR
366,5/4/2025,1050,2077,404,0,561.83,35.89,IL
367,5/4/2025,1011,2004,402,2,0,81.52,MN
368,5/4/2025,1121,2066,404,1,0,33.08,OK
369,5/4/2025,1155,2065,402,2,1128.82,70.2,TX
370,5/4/2025,1156,2040,402,3,138.16,14.27,IA
371,5/4/2025,1157,2094,403,2,1578.72,26.22,IL
372,5/4/2025,1129,2065,404,2,752.54,65.27,MN
373,5/4/2025,1121,2002,403,2,2771.2,10.14,IA
374,5/4/2025,1172,2014,404,2,197.04,22.13,KS
375,5/4/2025,1185,2088,401,3,2128.05,77.31,IA
376,5/4/2025,1067,2083,402,0,0,50.35,XX
377,5/4/2025,1149,2061,402,3,1199.52,free,NE
378,5/4/2025,1037,2087,402,0,318.64,9.34,IL
379,5/4/2025,1146,2089,401,1,744.34,51.57,NE
380,5/4/2025,1004,2056,403,3,2098.88,98.56,NE
381,5/4/2025,1038,2052,402,3,2193.78,29.3,CO
382,5/4/2025,1128,2099,404,0,3877.92,47.21,KS
383,5/4/2025,1180,2017,402,2,741.92,67.94,IL
384,5/4/2025,1169,2061,404,2,319.87,52.29,MN
385,5/4/2025,1044,2058,403,2,1066.8,91.48,TX
386,5/4/2025,1173,2098,403,3,3631.44,13.56,CO
387,5/4/2025,1049,2031,403,2,1356.72,9.76,IA
388,5/4/2025,1057,2038,403,1,2501.58,9.36,IA
389,5/4/2025,1176,2090,404,2,343.87,37.56,KS
390,5/4/2025,1122,2044,403,2,166.06,20.84,IA
391,5/4/2025,1031,2073,404,3,1498.29,46.63,MN
392,5/4/2025,1088,2098,402,2,726.29,51.37,OK
393,5/4/2025,1010,2036,401,2,348.77,54.86,MN
394,5/4/2025,1113,2083,403,3,3072.64,46.12,NE
395,5/4/2025,1054,2025,403,2,671.09,6.11,IA
396,5/4/2025,1035,2013,402,1,1683.65,9.78,NE
397,5/4/2025,1012,2085,402,1,217.94,52.35,AR
398,5/4/2025,1013,2012,404,2,1994.21,free,MN
399,5/4/2025,1183,2060,401,1,367.54,83.4,NE
400,5/4/2025,1001,2070,402,3,102.54,14.26,MO 
401,5/4/2025,1167,2060,404,1,735.08,51.78,OK
402,5/4/2025,1193,2036,403,2,348.77,73.09,KS
403,5/4/2025,1165,2007,401,1,0,95.84,IA
404,5/4/2025,1136,2094,401,1,1776.06,79.2,IA
405,5/4/2025,1106,2022,401,3,671.18,88.73,OK
406,5/4/2025,1126,2023,403,0,0,17.67,OK
407,5/4/2025,1002,2038,401,2,1482.42,57.59,NE
408,5/4/2025,1072,2058,404,1,1200.15,96.04,CO
409,5/4/2025,1129,2059,403,1,1382.54,72.46,CO
410,5/4/2025,1028,2042,402,3,502.83,68.67,NE
411,5/4/2025,1165,2032,402,0,0,76.59,MO
412,5/4/2025,1188,2043,403,1,1572.21,27.57,IL
413,5/4/2025,1044,2078,404,3,426.03,10.11,IL
414,5/4/2025,1131,2041,401,3,3216.84,76.74,CO
415,5/4/2025,1171,2012,402,1,1121.74,21.51,CO
416,5/4/2025,1122,2041,402,0,1608.42,20 usd,MO 
417,5/4/2025,1066,2049,402,3,0,39.02,AR
418,5/4/2025,1192,2034,403,2,326.81,38.19,NE
419,5/4/2025,1149,2092,401,2,1157.3,76.45,MO
420,5/4/2025,1167,2046,402,0,133.72,35.49,KS
421,5/4/2025,1170,2015,404,2,0,47.33,MO
422,5/4/2025,1040,2051,403,0,469.28,55.65,KS
423,5/4/2025,1163,2037,403,1,0,97.74,OK
424,5/4/2025,1056,2017,404,1,834.66,10.16,IL
425,5/4/2025,1116,2095,403,3,490.79,42,KS
426,5/4/2025,1179,2070,404,1,61.52,93.16,KS
427,5/4/2025,1195,2031,401,3,1695.9,7.93,IA
428,5/4/2025,1135,2090,403,0,0,96.71,AR
429,5/4/2025,1144,2014,401,1,443.34,42.44,CO
430,5/4/2025,1146,2068,402,1,2952.86,53.69,IA
431,5/4/2025,1083,2066,404,0,516.06,76.35,CO
432,5/4/2025,1174,2026,404,0,423.12,36.43,IA
433,5/4/2025,1130,2057,401,3,1747.92,67.65,MN
434,5/4/2025,1033,2065,404,3,0,72.66,OK
435,5/4/2025,1144,2007,404,2,933.42,51.26,KS
436,5/4/2025,1185,2002,404,2,692.8,89.2,KS
437,5/4/2025,1000,2095,402,0,0,25.21,MO
438,5/4/2025,1011,2054,403,0,900.51,61.01,IL
439,5/4/2025,1138,2007,401,3,2333.56,96.58,MN
440,5/4/2025,1008,2036,404,1,196.18,18.89,TX
441,5/4/2025,1196,2017,404,2,741.92,54.2,AR
442,5/4/2025,1097,2057,404,3,436.98,14.81,CO
443,5/4/2025,1020,2087,402,2,637.28,60.83,KS
444,5/4/2025,1030,2022,404,1,604.06,50.8,XX
445,5/4/2025,1186,2028,401,0,2551.76,62.19,KS
446,5/4/2025,1076,2059,404,3,1536.15,66.49,
447,5/4/2025,1058,2031,404,2,0,20.8,IA
448,5/4/2025,1039,2035,402,0,899.99,94.99,NE
449,5/4/2025,1008,2084,404,0,845.55,82.94,IA
450,5/4/2025,1061,2026,401,0,423.12,40.93,IA
451,5/4/2025,1152,2004,404,0,2781.75,90.65,K S
452,5/4/2025,1062,2094,401,3,1973.4,90.21,OK
453,5/4/2025,1112,2029,402,0,13.51,41.22,MN
454,5/4/2025,1035,2064,403,1,0,91.46,KS
455,5/4/2025,1187,2073,403,2,399.54,16.19,MO
456,5/4/2025,1060,2038,402,1,3335.44,29.82,CO
457,5/4/2025,1105,2038,403,0,1853.02,21.98,CO
458,5/4/2025,1142,2075,402,3,3903.2,67.63,NE
459,5/4/2025,1142,2063,401,2,1325.9,71.22,MO
460,5/4/2025,1164,2085,404,2,387.44,29.99,AR
461,5/4/2025,1178,2053,404,1,1647.4,94.84,IA
462,5/4/2025,1076,2048,402,3,1072.89,53.5,NE
463,5/4/2025,1061,2028,403,1,1148.29,42.95,OK
464,5/4/2025,1118,2007,404,3,1750.17,58.12,MN
465,5/4/2025,1142,2067,402,3,1163.8,29.81,OK
466,5/4/2025,1062,2032,402,2,756.48,56.1,MN
467,5/4/2025,1165,2010,404,2,124.54,69.75,MN
468,5/4/2025,1023,2068,402,0,2460.72,81.02,OK
469,5/4/2025,1068,2048,401,0,715.26,83,KS
470,5/4/2025,1048,2097,402,3,0,93.37,NE
471,5/4/2025,1053,2042,403,0,167.61,63.77,IA
472,5/4/2025,1054,2024,401,3,372.81,96.01,TX
473,5/4/2025,1062,2089,402,3,1240.56,31.63,NE
474,5/4/2025,1061,2070,403,2,27.34,70.2,IA
475,5/4/2025,1097,2059,403,2,0,41.05,KS
476,5/4/2025,1066,2046,404,3,200.58,39.76,TX
477,5/4/2025,1025,2092,404,2,771.54,98.03,NE
478,5/4/2025,1052,2047,403,3,334.98,75.16,TX
479,5/4/2025,1011,2072,402,1,756.54,79.61,IL
480,5/4/2025,1004,2033,404,2,0,84.7,KS
481,5/4/2025,1039,2025,403,1,503.32,free,AR
482,5/4/2025,1097,2072,402,3,420.3,38.74,CO
483,5/4/2025,1140,2083,403,2,1843.58,20.92,AR
484,5/4/2025,1195,2062,404,3,3096.8,72.49,MN
485,5/4/2025,1043,2093,403,1,1360.69,86.15,IA
486,5/4/2025,1035,2092,404,1,0,11.06,TX
487,5/4/2025,1138,2082,401,0,533.2,67.21,OK
488,5/4/2025,1019,2085,401,0,484.3,0,AR
489,5/4/2025,1105,2017,402,0,1391.1,97.11,CO
490,5/4/2025,1181,2019,401,1,4202.68,34.42,AR
491,5/4/2025,1129,2058,403,0,1333.5,"1,200",IA
492,5/4/2025,1158,2081,404,3,2984.88,20 usd,IL
493,5/4/2025,1004,2000,404,0,2907.93,72.92,OK
494,5/4/2025,1004,2067,403,2,465.52,70.92,IL
495,5/4/2025,1004,2064,404,1,1323.18,65.5,MN
496,5/4/2025,1027,2012,402,1,1121.74,free,IL
497,5/4/2025,1049,2079,403,2,3802.16,34.6,TX
498,5/4/2025,1068,2050,401,2,0,78.69,KS
499,5/4/2025,1103,2058,402,1,600.08,28.65,TX
500,5/4/2025,1076,2087,401,0,159.32,41.97,IL
501,5/4/2025,1023,2051,404,3,351.96,33.39,AR
502,5/4/2025,1141,2060,401,0,408.38,60.55,OK
503,5/4/2025,1179,2021,401,3,835.41,13.5,IA
504,5/4/2025,1111,2082,403,0,0,15.2,TX
505,5/4/2025,1135,2005,402,1,1157.71,70.48,AR
506,5/4/2025,1177,2072,404,2,1008.72,58.84,CO
507,5/4/2025,1011,2009,403,0,0,33.09,IL
508,5/4/2025,1045,2040,401,1,31.09,39.59,MN
509,5/4/2025,1150,2018,404,0,1084.52,19.64,IL
510,5/4/2025,1076,2020,402,3,2254.98,87.98,NE
511,5/4/2025,1173,2069,403,3,232.39,61.08,MO
512,5/4/2025,1193,2094,402,0,1480.05,12.6,MO
513,5/4/2025,1128,2095,403,0,0,55.26,KS
514,5/4/2025,1025,2055,402,0,107.88,54.99,NE
515,5/4/2025,1087,2077,404,2,449.46,69.08,OK
516,5/4/2025,1007,2081,403,3,746.22,47.09,AR
517,5/4/2025,1125,2029,403,3,40.53,27.87,CO
518,5/4/2025,1110,2023,404,0,1879.08,74,IL
519,5/4/2025,1197,2079,403,1,855.49,25.41,??
520,5/4/2025,1182,2009,401,2,53.05,48.74,IA
521,5/4/2025,1039,2048,402,3,357.63,92.2,KS
522,5/4/2025,1081,2046,401,0,33.43,61.55,K S
523,5/4/2025,1001,2039,404,2,2343.46,93.37,KS
524,5/4/2025,1194,2034,401,1,245.11,54.82,AR
525,5/4/2025,1022,2023,404,3,5637.24,47.33,MN
526,5/4/2025,1142,2071,404,0,615.16,75.8,CO
527,5/4/2025,1006,2011,403,0,1229.22,51.35,MN
528,5/4/2025,1152,2076,403,3,2418.21,92.79,KS
529,5/4/2025,1003,2037,404,3,1440.56,21.08,AR
530,5/4/2025,1199,2010,402,1,210.17,23.97,AR
531,5/4/2025,1175,2048,402,1,965.6,84.08,??
532,5/4/2025,1068,2038,403,3,0,56.91,IL
533,5/4/2025,1037,2008,402,3,266.36,68.04,MO
534,5/4/2025,1070,2053,403,3,1830.45,20 usd,IL
535,5/4/2025,1005,2009,403,2,53.05,66.69,NE
536,5/4/2025,1063,2092,404,1,867.98,23.89,TX
537,5/4/2025,1117,2013,402,2,2244.86,6.75,AR
538,5/4/2025,1001,2050,403,3,0,82.41,MO
539,5/4/2025,1084,2056,403,3,1574.16,54.47,MN
540,5/4/2025,1166,2076,402,2,0,47.67,IA
541,5/4/2025,1082,2077,402,3,0,54.76,IA
542,5/4/2025,1080,2022,404,2,1073.89,55.63,KS
543,5/4/2025,1074,2094,404,1,444.02,97.43,OK
544,5/4/2025,1083,2048,403,3,0,22.55,MN
545,5/4/2025,1093,2014,402,1,221.67,79.08,IA
546,5/4/2025,1174,2098,401,3,2723.58,23.36,MO
547,5/4/2025,1181,2026,404,2,507.74,24.43,IA
548,5/4/2025,1177,2008,404,3,332.95,43.46,MO
549,5/4/2025,1035,2081,403,1,1343.2,65.93,MO
550,5/4/2025,1064,2084,402,3,845.55,8.73,OK
551,5/4/2025,1096,2009,404,3,198.93,48.83,OK
552,5/4/2025,1149,2051,404,0,0,52.56,IA
553,5/4/2025,1092,2089,401,0,827.04,61.08,NE
554,5/4/2025,1196,2031,403,1,1526.31,13.66,TX
555,5/4/2025,1165,2078,401,3,142.01,57.28,MO
556,5/4/2025,1192,2042,404,0,1005.66,9.87,IL
557,5/4/2025,1002,2012,403,1,560.87,64.14,tx
558,5/4/2025,1130,2095,402,3,1963.16,48.11,TX
559,5/4/2025,1095,2050,404,1,168.1,22.56,MO
560,5/4/2025,1088,2003,404,0,385.18,9.66,OK
561,5/4/2025,1075,2053,401,0,1830.45,96.8,MN
562,5/4/2025,1186,2018,403,2,1301.42,85.11,KS
563,5/4/2025,1087,2058,402,3,2667,10.53,MN
564,5/4/2025,1089,2060,401,3,408.38,45.57,AR
565,5/4/2025,1184,2089,404,2,1984.9,52.29,IA
566,5/4/2025,1017,2038,401,0,0,0,KS
567,5/4/2025,1005,2043,401,1,786.1,6.07,NE
568,5/4/2025,1189,2031,402,1,2035.08,36.66,OK
569,5/4/2025,1084,2071,404,3,0,50.08,MO
570,5/4/2025,1059,2051,402,1,527.94,44.33,MO
571,5/4/2025,1163,2084,404,3,845.55,80.96,AR
572,5/4/2025,1007,2094,402,3,493.35,62.54,IA
573,5/4/2025,1151,2054,404,0,0,52.22,NE
574,5/4/2025,1180,2027,402,2,0,NaN,KS
575,5/4/2025,1192,2090,401,0,286.56,34.48,AR
576,5/4/2025,1137,2023,403,2,1503.26,72.8,CO
577,5/4/2025,1050,2058,401,2,1066.8,14.79,MO 
578,5/4/2025,1171,2062,403,3,619.36,68.76,IL
579,5/4/2025,1156,2050,401,2,0,30.75,IL
580,5/4/2025,1090,2058,402,2,1066.8,0,MO
581,5/4/2025,1157,2075,401,1,702.58,71.44,MN
582,5/4/2025,1080,2015,402,2,1619.93,77.62,MN
583,5/4/2025,1029,2023,403,1,0,49.21,NE
584,5/4/2025,1130,2049,404,1,845.86,36.38,AR
585,5/4/2025,1147,2049,404,1,845.86,62.42,IA
586,5/4/2025,1124,2081,402,1,2686.39,43.08,OK
587,5/4/2025,1125,2036,402,1,588.55,79.51,OK
588,5/4/2025,1080,2057,401,2,699.17,84.49,KS
589,5/4/2025,1002,2062,402,1,1114.85,15.33,MN
590,5/4/2025,1098,2071,404,3,1845.48,90.81,MO
591,5/4/2025,1175,2062,404,3,1858.08,88.36,IL
592,5/4/2025,1125,2021,401,0,1670.82,63.09,CO
593,5/4/2025,1194,2028,403,0,637.94,82.97,AR
594,5/4/2025,1070,2028,403,1,0,43.57,OK
595,5/4/2025,1199,2058,404,0,2667,19.66,IA
596,5/4/2025,1146,2014,403,2,0,13.04,OK
597,5/4/2025,1138,2096,401,3,2688.72,82.91,OK
598,5/4/2025,1139,2027,404,0,258.61,44.03,CO
599,5/4/2025,1188,2083,402,2,1229.06,12.61,CO
600,5/4/2025,1008,2057,403,2,699.17,49.88,KS
601,5/4/2025,1022,2056,401,1,2361.24,20 usd,CO
602,5/4/2025,1053,2094,403,3,493.35,71.03,MN
603,5/4/2025,1042,2078,402,1,127.81,99.08,tx
604,5/4/2025,1052,2007,403,2,2333.56,86.5,MO
605,5/4/2025,1152,2068,402,2,656.19,79.34,NE
606,5/4/2025,1180,2037,403,2,288.11,19.64,TX
607,5/4/2025,1131,2086,401,1,2414.07,84.97,MO
608,5/4/2025,1192,2052,401,2,0,76.48,CO
609,5/4/2025,1167,2016,402,1,290.72,80.74,OK
610,5/4/2025,1037,2091,403,1,0,63,IL
611,5/4/2025,1194,2086,404,3,0,74.76,MN
612,5/4/2025,1036,2073,403,3,1997.72,free,MO
613,5/4/2025,1096,2057,401,0,1310.94,"1,200",KS
614,5/4/2025,1103,2065,403,2,376.27,86.36,IA
615,5/4/2025,1116,2062,403,0,1238.72,32.98,KS
616,5/4/2025,1198,2093,401,3,0,79.17,IL
617,5/4/2025,1162,2085,403,0,0,98.05,NE
618,5/4/2025,1136,2050,402,3,933.9,91.7,IL
619,5/4/2025,1054,2063,403,2,441.97,65.83,MO
620,5/4/2025,1072,2043,402,3,4367.25,51.61,OK
621,5/4/2025,1087,2087,401,0,637.28,82.71,TX
622,5/4/2025,1025,2080,404,0,3329.04,13.61,CO
623,5/4/2025,1031,2020,404,3,1127.49,96.91,NE
624,5/4/2025,1000,2054,402,1,1620.92,23,MO
625,5/4/2025,1166,2038,402,2,2223.62,55.72,TX
626,5/4/2025,1023,2083,403,2,1229.06,67.12,CO
627,5/4/2025,1021,2047,402,0,1674.9,NaN,TX
628,5/4/2025,1101,2080,403,1,3745.17,17.4,IA
629,5/4/2025,1109,2083,401,0,768.16,15.1,TX
630,5/4/2025,1000,2027,404,0,517.22,35.8,MN
631,5/4/2025,1033,2075,402,3,780.64,18.42,OK
632,5/4/2025,1002,2001,403,0,824.7,65.06,OK
633,5/4/2025,1108,2088,402,3,3546.75,13.47,MN
634,5/4/2025,1018,2029,404,0,27.02,44.14,IA
635,5/4/2025,1187,2013,401,2,2993.15,38.05,MO
636,5/4/2025,1094,2038,402,3,926.51,49.1,NE
637,5/4/2025,1198,2096,402,1,1814.89,68.66,MO
638,5/4/2025,1017,2067,401,1,523.71,14.92,MO
639,5/4/2025,1112,2044,402,1,560.47,61.31,AR
640,5/4/2025,1105,2078,404,1,383.43,44.2,NE
641,5/4/2025,1022,2012,402,0,623.19,48.22,OK
642,5/4/2025,1150,2093,404,2,1814.26,"1,200",MO
643,5/4/2025,1109,2040,402,1,31.09,19.89,MN
644,5/4/2025,1070,2082,401,1,719.82,61.2,TX
645,5/4/2025,1141,2076,403,0,3224.28,94.89,MN
646,5/4/2025,1168,2038,402,1,1667.72,42.46,KS
647,5/4/2025,1191,2050,403,0,560.34,27.71,??
648,5/4/2025,1005,2030,404,3,679.88,78.32,OK
649,5/4/2025,1028,2030,404,0,509.91,41.56,AR
650,5/4/2025,1135,2001,403,2,989.64,70.04,MN
651,5/4/2025,1033,2049,404,2,751.87,39.73,MO 
652,5/4/2025,1139,2087,402,3,0,27.67,KS
653,5/4/2025,1197,2009,401,0,265.24,35.44,IL
654,5/4/2025,1003,2033,402,0,836.25,49.67,CO
655,5/4/2025,1015,2050,403,3,560.34,94.38,KS
656,5/4/2025,1108,2089,404,0,413.52,20.65,KS
657,5/4/2025,1163,2068,402,2,3280.96,56.44,IA
658,5/4/2025,1021,2039,401,1,878.8,7.09,NE
659,5/4/2025,1039,2068,403,3,2460.72,68.26,CO
660,5/4/2025,1150,2081,401,2,1193.95,51,IL
661,5/4/2025,1178,2055,402,0,53.94,32.1,IA
662,5/4/2025,1062,2011,404,0,0,46.88,AR
663,5/4/2025,1116,2078,401,2,0,20.45,IL
664,5/4/2025,1170,2094,402,0,986.7,56.88,CO
665,5/4/2025,1003,2090,402,0,143.28,80.96,TX
666,5/4/2025,1041,2063,403,2,1325.9,84.88,TX
667,5/4/2025,1042,2047,402,2,803.95,23.59,KS
668,5/4/2025,1187,2015,401,2,0,53.6,MO
669,5/4/2025,1109,2034,401,2,326.81,38.38,TX
670,5/4/2025,1182,2073,401,3,499.43,74.16,OK
671,5/4/2025,1116,2065,403,0,470.34,54.9,AR
672,5/4/2025,1127,2072,402,2,1008.72,57.8,MN
673,5/4/2025,1040,2032,401,0,0,60.59,TX
674,5/4/2025,1058,2094,401,0,493.35,16.8,IL
675,5/4/2025,1003,2031,401,3,1695.9,11.34,AR
676,5/4/2025,1093,2049,402,1,1691.71,53.69,MO 
677,5/4/2025,1009,2070,404,1,30.76,30.9,OK
678,5/4/2025,1082,2031,404,2,452.24,64.66,KS
679,5/4/2025,1069,2009,403,0,0,70.39,KS
680,5/4/2025,1128,2086,401,1,804.69,92.49,IA
681,5/4/2025,1057,2066,401,3,1548.18,85.38,CO
682,5/4/2025,1017,2059,403,2,409.64,-10,IL
683,5/4/2025,1083,2011,404,0,1638.96,75.72,KS
684,5/4/2025,1094,2025,403,2,223.7,70.63,KS
685,5/4/2025,1189,2079,402,3,3802.16,80.34,CO
686,5/4/2025,1094,2075,404,1,702.58,5.98,KS
687,5/4/2025,1187,2069,402,1,627.45,85.36,IL
688,5/4/2025,1001,2052,401,1,0,82.86,MO
689,5/4/2025,1138,2044,401,2,166.06,92.8,CO
690,5/4/2025,1000,2097,404,2,1347.36,98.22,OK
691,5/4/2025,1026,2026,402,3,211.56,71.95,CO
692,5/4/2025,1125,2007,402,2,933.42,84.9,NE
693,5/4/2025,1023,2005,402,3,1286.34,69.52,??
694,5/4/2025,1179,2047,404,0,669.96,43.06,MN
695,5/4/2025,1148,2012,402,3,3115.95,99.11,KS
696,5/4/2025,1019,2075,401,3,2341.92,81.09,OK
697,5/4/2025,1169,2016,402,2,775.25,16.61,TX
698,5/4/2025,1066,2040,404,2,55.26,97.35,OK
699,5/4/2025,1081,2057,403,1,393.28,51.76,TX
700,5/4/2025,1019,2025,402,0,559.24,95.5,MO
701,5/4/2025,1039,2013,402,3,4676.8,NaN,CO
702,5/4/2025,1119,2040,404,0,69.08,77.58,MN
703,5/4/2025,1137,2045,402,3,0,42.18,TX
704,5/4/2025,1078,2059,403,0,1536.15,17.18,AR
705,5/4/2025,1023,2020,403,0,0,38.37,NE
706,5/4/2025,1055,2041,402,0,4021.05,6.87,??
707,5/4/2025,1182,2031,403,3,1695.9,98.65,OK
708,5/4/2025,1131,2006,403,2,475.2,77.67,AR
709,5/4/2025,1044,2003,404,3,1155.54,85.78,NE
710,5/4/2025,1142,2095,402,0,2453.95,59.93,MN
711,5/4/2025,1118,2013,402,0,1870.72,33.68,IL
712,5/4/2025,1003,2007,402,1,1050.1,22.16,MO
713,5/4/2025,1050,2051,403,0,117.32,30.45,CO
714,5/4/2025,1149,2075,403,0,780.64,48.94,NE
715,5/4/2025,1005,2008,402,3,466.13,85.37,IL
716,5/4/2025,1032,2011,403,0,409.74,28.33,IL
717,5/4/2025,1010,2059,401,1,921.69,17.96,IL
718,5/4/2025,1146,2055,404,3,0,79.31,MO
719,5/4/2025,1007,2048,404,1,1287.47,67.46,KS
720,5/4/2025,1090,2027,402,2,413.78,68.1,MN
721,5/4/2025,1071,2057,402,0,1310.94,36.28,MN
722,5/4/2025,1157,2079,402,2,2281.3,31.08,OK
723,5/4/2025,1127,2052,404,0,2193.78,69.86,IL
724,5/4/2025,1022,2035,404,1,1619.98,62.55,MO
725,5/4/2025,1107,2025,402,0,279.62,82.16,KS
726,5/4/2025,1097,2091,403,3,2717.37,93.11,IL
727,5/4/2025,1139,2062,403,2,1486.46,35.13,OK
728,5/4/2025,1099,2034,402,0,408.51,88.29,KS
729,5/4/2025,1081,2076,402,0,2418.21,48.06,MO
730,5/4/2025,1199,2035,401,3,2699.97,34.03,MN
731,5/4/2025,1135,2045,402,1,842.78,70.15,AR
732,5/4/2025,1025,2031,402,2,904.48,13.02,AR
733,5/4/2025,1136,2094,401,1,0,64.53,KS
734,5/4/2025,1147,2049,403,1,3383.42,62.04,IA
735,5/4/2025,1045,2030,403,2,407.93,48.1,TX
736,5/4/2025,1151,2003,403,1,693.32,62.01,IL
737,5/4/2025,1144,2024,404,2,298.25,27.37,TX
738,5/4/2025,1044,2062,401,0,1238.72,35.71,OK
739,5/4/2025,1014,2029,402,0,13.51,36.62,NE
740,5/4/2025,1134,2061,401,2,639.74,-10,CO
741,5/4/2025,1157,2025,402,2,671.09,29.73,CO
742,5/4/2025,1183,2022,403,0,2684.72,34.76,IA
743,5/4/2025,1005,2018,402,0,542.26,83.81,IL
744,5/4/2025,1134,2046,401,2,53.49,92.67,TX
745,5/4/2025,1180,2084,404,0,281.85,72.07,OK
746,5/4/2025,1086,2038,403,1,1667.72,15.69,IA
747,5/4/2025,1040,2093,404,3,755.94,89.63,MN
748,5/4/2025,1166,2040,402,2,27.63,52.32,KS
749,5/4/2025,1057,2085,402,3,1452.9,35.74,MO
750,5/4/2025,1078,2093,403,1,0,free,MN
751,5/4/2025,1045,2093,401,3,2267.82,81.15,IL
752,5/4/2025,1197,2072,401,1,1513.08,96.68,OK
753,5/4/2025,1154,2040,402,0,69.08,16.46,TX
754,5/4/2025,1127,2018,403,0,0,39.91,NE
755,5/4/2025,1060,2044,403,1,934.11,63.32,OK
756,5/4/2025,1162,2011,403,3,1229.22,93.41,CO
757,5/4/2025,1002,2033,402,1,3010.5,17.14,IL
758,5/4/2025,1177,2008,403,2,159.82,9.28,KS
759,5/4/2025,1027,2092,401,0,482.21,78.02,MO
760,5/4/2025,1098,2056,404,1,944.5,71.92,AR
761,5/4/2025,1105,2063,404,2,2209.84,22.78,IA
762,5/4/2025,1139,2048,401,3,357.63,21.31,TX
763,5/4/2025,1147,2083,402,1,691.34,39.27,OK
764,5/4/2025,1115,2009,401,2,53.05,7.55,TX
765,5/4/2025,1005,2040,403,0,103.62,19.08,XX
766,5/4/2025,1018,2043,402,3,2620.35,28.05,IL
767,5/4/2025,1041,2093,401,0,755.94,72.74,OK
768,5/4/2025,1086,2076,404,0,0,61.15,MN
769,5/4/2025,1110,2083,402,3,768.16,57.56,IL
770,5/4/2025,1040,2006,401,2,0,6.98,IL
771,5/4/2025,1052,2024,404,2,298.25,86.08,TX
772,5/4/2025,1169,2036,403,1,392.36,80.62,IA
773,5/4/2025,1024,2006,404,3,0,14.59,OK
774,5/4/2025,1039,2006,403,0,198,69.31,IA
775,5/4/2025,1109,2011,403,3,1638.96,51.2,AR
776,5/4/2025,1051,2012,401,1,1121.74,68.6,MO
777,5/4/2025,1043,2081,403,0,746.22,14.68,
778,5/4/2025,1121,2014,403,3,985.2,53.06,KS
779,5/4/2025,1120,2062,403,0,2477.44,5.63,TX
780,5/4/2025,1164,2069,404,1,0,19.4,CO
781,5/4/2025,1094,2048,403,1,321.87,80.49,AR
782,5/4/2025,1114,2005,403,3,428.78,43.16,IA
783,5/4/2025,1119,2033,402,2,1338,98.1,CO
784,5/4/2025,1144,2007,402,0,1166.78,37.69,IL
785,5/4/2025,1021,2085,403,3,0,63.73,TX
786,5/4/2025,1193,2075,402,0,1561.28,-10,OK
787,5/4/2025,1099,2066,404,3,0,54.53,K S
788,5/4/2025,1146,2030,404,2,543.9,40.43,CO
789,5/4/2025,1020,2050,401,1,168.1,27.43,MN
790,5/4/2025,1030,2096,404,1,3024.81,79.55,MN
791,5/4/2025,1042,2027,402,1,232.75,39.32,KS
792,5/4/2025,1010,2054,401,3,900.51,12.42,CO
793,5/4/2025,1051,2080,402,2,0,70.46,TX
794,5/4/2025,1081,2093,401,0,755.94,53.75,CO
795,5/4/2025,1099,2071,404,2,984.26,62.15,OK
796,5/4/2025,1070,2066,404,0,0,32.93,MO
797,5/4/2025,1179,2079,404,0,2851.62,89.46,NE
798,5/4/2025,1106,2019,402,0,3735.72,34.42,TX
799,5/4/2025,1027,2072,401,2,672.48,77.36,TX
800,5/4/2025,1137,2044,404,2,830.32,56.39,TX
801,5/4/2025,1098,2083,404,3,2304.48,58.3,KS
802,5/4/2025,1009,2022,403,3,2684.72,76.3,CO
803,5/4/2025,1036,2079,404,0,950.54,28.3,MN
804,5/4/2025,1101,2042,402,0,335.22,7.21,OK
805,5/4/2025,1190,2060,403,2,0,32.11,IA
806,5/4/2025,1005,2043,403,2,2096.28,72.76,IL
807,5/4/2025,1071,2062,401,1,557.42,27.76,MN
808,5/4/2025,1034,2038,404,2,2223.62,43.67,??
809,5/4/2025,1068,2093,404,0,2267.82,57.7,IA
810,5/4/2025,1048,2056,402,3,524.72,20.98,NE
811,5/4/2025,1189,2062,403,0,1858.08,83.79,IL
812,5/4/2025,1131,2020,401,2,0,85.03,NE
813,5/4/2025,1181,2064,404,1,264.64,16.68,IA
814,5/4/2025,1199,2067,401,1,0,94.81,IL
815,5/4/2025,1049,2025,401,1,503.32,36.2,IA
816,5/4/2025,1008,2058,401,2,533.4,71.81,OK
817,5/4/2025,1180,2025,403,2,894.78,68.8,KS
818,5/4/2025,1118,2064,404,0,882.12,5.8,TX
819,5/4/2025,1174,2003,402,2,308.14,23.19,MN
820,5/4/2025,1125,2076,404,1,725.46,71.88,MN
821,5/4/2025,1121,2075,403,2,2498.05,57.42,MN
822,5/4/2025,1041,2033,401,2,669,86.27,CO
823,5/4/2025,1007,2049,401,1,845.86,69.38,MN
824,5/4/2025,1146,2099,402,1,581.69,94.18,OK
825,5/4/2025,1165,2028,402,2,1531.06,0,tx
826,5/4/2025,1166,2052,401,0,731.26,99.08,NE
827,5/4/2025,1121,2016,402,0,646.04,7.65,OK
828,5/4/2025,1057,2032,403,2,3782.4,84.09,AR
829,5/4/2025,1108,2048,403,3,357.63,13.13,MO
830,5/4/2025,1064,2027,404,2,413.78,33.64,OK
831,5/4/2025,1173,2066,404,0,2580.3,27.15,MN
832,5/4/2025,1001,2065,403,2,376.27,66.84,MO
833,5/4/2025,1076,2087,401,3,796.6,23.39,MN
834,5/4/2025,1016,2043,403,2,2795.04,9.19,IA
835,5/4/2025,1070,2033,403,1,752.62,19,IL
836,5/4/2025,1038,2066,402,0,1032.12,82.82,CO
837,5/4/2025,1153,2051,403,1,316.76,50.19,TX
838,5/4/2025,1184,2003,404,2,1848.86,48.16,MO
839,5/4/2025,1066,2053,404,3,0,77.99,AR
840,5/4/2025,1188,2004,402,2,2967.2,-10,MO
841,5/4/2025,1185,2091,402,3,3623.16,23.92,IL
842,5/4/2025,1171,2045,403,1,280.93,-10,??
843,5/4/2025,1168,2071,402,2,1968.51,40.37,IA
844,5/4/2025,1024,2060,402,2,326.7,80.52,NE
845,5/4/2025,1185,2071,402,2,984.26,60.8,CO
846,5/4/2025,1167,2011,402,2,327.79,60.49,TX
847,5/4/2025,1057,2095,403,3,2453.95,76.36,AR
848,5/4/2025,1084,2047,403,2,803.95,30.49,OK
849,5/4/2025,1118,2015,404,0,4049.82,25.77,OK
850,5/4/2025,1162,2074,401,3,659.5,54.29,NE
851,5/4/2025,1049,2064,401,3,882.12,35.12,tx
852,5/4/2025,1135,2038,404,0,926.51,66.15,IL
853,5/4/2025,1038,2017,402,2,741.92,23.68,AR
854,5/4/2025,1104,2072,404,1,1134.81,86.22,CO
855,5/4/2025,1080,2091,402,0,2717.37,60.1,MO
856,5/4/2025,1124,2042,402,2,0,27.2,MN
857,5/4/2025,1162,2007,401,3,583.39,94.48,OK
858,5/4/2025,1070,2026,402,1,190.4,5.92,AR
859,5/4/2025,1125,2097,401,1,3031.56,58.92,MO
860,5/4/2025,1157,2055,404,3,53.94,42.13,OK
861,5/4/2025,1109,2061,404,0,799.68,90,KS
862,5/4/2025,1009,2068,402,2,0,91.58,OK
863,5/4/2025,1003,2041,402,0,2412.63,86.67,OK
864,5/4/2025,1173,2000,402,1,872.38,24.62,NE
865,5/4/2025,1177,2044,403,1,373.64,73.09,TX
866,5/4/2025,1026,2049,403,1,3383.42,91.48,TX
867,5/4/2025,1016,2005,403,2,686.05,72.61,IL
868,5/4/2025,1116,2093,403,3,755.94,41.54,IA
869,5/4/2025,1175,2017,403,3,463.7,32.73,KS
870,5/4/2025,1091,2096,402,1,1209.92,76.76,CO
871,5/4/2025,1103,2002,402,1,779.4,70.98,TX
872,5/4/2025,1186,2016,402,0,646.04,92.13,AR
873,5/4/2025,1150,2064,402,0,294.04,49.72,IL
874,5/4/2025,1093,2091,401,3,2717.37,12.37,MO
875,5/4/2025,1163,2032,401,0,0,25.54,MO
876,5/4/2025,1169,2013,401,0,935.36,9.98,tx
877,5/4/2025,1176,2014,404,3,1231.5,98.98,AR
878,5/4/2025,1097,2015,403,3,2699.88,73.78,MO
879,5/4/2025,1179,2019,402,0,1867.86,94.2,KS
880,5/4/2025,1077,2053,401,2,976.24,6.14,NE
881,5/4/2025,1159,2077,402,3,561.83,33.65,MN
882,5/4/2025,1026,2065,401,2,1881.36,14,AR
883,5/4/2025,1029,2013,404,1,0,97.91,TX
884,5/4/2025,1155,2025,403,1,503.32,98.9,
885,5/4/2025,1091,2090,404,2,171.94,33.18,IA
886,5/4/2025,1041,2005,404,1,385.9,31.42,MO
887,5/4/2025,1176,2061,403,1,359.86,24.55,MO
888,5/4/2025,1000,2001,401,0,1649.4,22.44,MO
889,5/4/2025,1146,2085,404,1,653.81,21.5,CO
890,5/4/2025,1023,2099,401,0,1292.64,28.27,IA
891,5/4/2025,1065,2082,402,3,266.6,95.35,AR
892,5/4/2025,1075,2033,404,0,2508.75,80.39,MO
893,5/4/2025,1025,2022,401,2,1073.89,49.05,TX
894,5/4/2025,1092,2086,403,3,894.1,5.4,CO
895,5/4/2025,1189,2014,401,0,0,65.9,MN
896,5/4/2025,1002,2017,402,2,0,29.25,AR
897,5/4/2025,1091,2056,403,0,1049.44,28.02,MO
898,5/4/2025,1095,2043,402,0,0,19.05,MN
899,5/4/2025,1102,2051,404,2,93.86,free,OK
900,5/4/2025,1098,2088,404,3,0,29.02,IL
901,5/4/2025,1166,2021,401,1,0,87.59,KS
902,5/4/2025,1178,2092,401,1,867.98,5.61,IA
903,5/4/2025,1026,2053,404,3,1830.45,21.76,IA
904,5/4/2025,1046,2078,404,2,454.43,10.6,IA
905,5/4/2025,1156,2003,402,3,1925.9,12.58,KS
906,5/4/2025,1124,2014,404,3,0,10.8,MO
907,5/4/2025,1011,2008,403,2,106.54,96.4,IL
908,5/4/2025,1003,2090,402,2,57.31,82.6,AR
909,5/4/2025,1132,2066,401,3,1548.18,43.17,
910,5/4/2025,1169,2093,402,3,755.94,87.64,CO
911,5/4/2025,1088,2084,404,1,0,9.35,AR
912,5/4/2025,1142,2078,401,0,568.04,94.44,TX
913,5/4/2025,1164,2020,404,3,1879.15,54.41,MN
914,5/4/2025,1042,2009,404,2,53.05,98.79,TX
915,5/4/2025,1061,2042,403,0,167.61,67.68,KS
916,5/4/2025,1129,2028,404,3,2551.76,73.32,TX
917,5/4/2025,1060,2010,404,3,544.88,36.62,NE
918,5/4/2025,1146,2057,401,3,436.98,41.26,CO
919,5/4/2025,1114,2040,401,3,34.54,61.26,NE
920,5/4/2025,1190,2083,401,0,2304.48,free,MN
921,5/4/2025,1103,2052,401,0,2193.78,68.06,MN
922,5/4/2025,1023,2077,403,1,505.65,69.6,IA
923,5/4/2025,1167,2085,404,2,387.44,52.73,KS
924,5/4/2025,1093,2006,402,3,594,10.59,AR
925,5/4/2025,1084,2071,404,2,492.13,78.72,TX
926,5/4/2025,1183,2057,401,0,873.96,45.13,TX
927,5/4/2025,1194,2084,402,0,563.7,86.34,OK
928,5/4/2025,1087,2045,403,2,499.42,67.19,MN
929,5/4/2025,1179,2013,401,1,1683.65,39.41,MN
930,5/4/2025,1126,2017,404,0,927.4,10.35,AR
931,5/4/2025,1065,2078,402,1,127.81,64.56,OK
932,5/4/2025,1030,2050,402,3,186.78,78.71,KS
933,5/4/2025,1005,2024,403,0,621.35,12.85,TX
934,5/4/2025,1193,2053,401,0,1830.45,13.98,MN
935,5/4/2025,1197,2057,404,1,1179.85,91.34,CO
936,5/4/2025,1127,2000,401,3,969.31,54.3,MN
937,5/4/2025,1149,2061,402,1,359.86,86.89,tx
938,5/4/2025,1187,2016,401,3,2584.16,85.89,MO
939,5/4/2025,1168,2076,403,3,2418.21,28.59,MO
940,5/4/2025,1107,2077,402,2,898.93,54.65,AR
941,5/4/2025,1101,2043,403,3,3493.8,NaN,IL
942,5/4/2025,1034,2017,404,2,0,45.09,CO
943,5/4/2025,1179,2070,403,1,61.52,70.98,CO
944,5/4/2025,1051,2026,403,2,338.5,82.95,MN
945,5/4/2025,1172,2016,402,2,516.83,55.49,CO
946,5/4/2025,1181,2014,403,3,246.3,31,KS
947,5/4/2025,1149,2073,404,2,799.09,60.94,TX
948,5/4/2025,1108,2001,401,0,412.35,94.92,OK
949,5/4/2025,1097,2018,401,0,1084.52,29.61,CO
950,5/4/2025,1051,2034,402,2,217.87,40.16,NE
951,5/4/2025,1174,2032,402,0,4728,95.5,CO
952,5/4/2025,1176,2037,402,0,720.28,34.71,KS
953,5/4/2025,1091,2057,401,1,786.56,51.82,MO
954,5/4/2025,1190,2082,404,1,239.94,55.58,KS
955,5/4/2025,1130,2089,403,0,413.52,55.76,AR
956,5/4/2025,1097,2049,404,2,0,21.01,CO
957,5/4/2025,1141,2006,401,2,0,40.46,KS
958,5/4/2025,1051,2079,404,1,1710.97,30.15,MO
959,5/4/2025,1162,2090,403,1,257.9,93.86,MN
960,5/4/2025,1198,2092,402,2,771.54,73.63,OK
961,5/4/2025,1114,2022,401,1,3020.31,51.3,IA
962,5/4/2025,1044,2094,401,3,493.35,30.6,TX
963,5/4/2025,1010,2054,403,2,720.41,72.38,KS
964,5/4/2025,1033,2020,403,0,751.66,50.53,IL
965,5/4/2025,1084,2059,402,0,0,52.68,OK
966,5/4/2025,1039,2041,401,2,0,9.94,AR
967,5/4/2025,1125,2073,403,0,1997.72,63.67,CO
968,5/4/2025,1005,2090,403,1,193.43,72.11,KS
969,5/4/2025,1047,2066,401,1,464.45,17.57,MO
970,5/4/2025,1106,2069,404,0,464.78,87.11,OK
971,5/4/2025,1089,2028,402,2,0,9.91,KS
972,5/4/2025,1084,2046,403,1,0,free,AR
973,5/4/2025,1192,2079,404,0,950.54,33.91,KS
974,5/4/2025,1029,2085,403,3,726.45,55.24,AR
975,5/4/2025,1061,2082,402,0,533.2,8.9,NE
976,5/4/2025,1174,2041,404,0,804.21,77.29,CO
977,5/4/2025,1098,2032,403,0,0,91.15,AR
978,5/4/2025,1132,2098,403,3,3631.44,52.87,MO
979,5/4/2025,1124,2005,403,1,1157.71,23.07,OK
980,5/4/2025,1082,2065,401,0,1411.02,43.08,IL
981,5/4/2025,1042,2098,401,0,4539.3,53.72,CO
982,5/4/2025,1053,2085,402,3,726.45,55.69,XX
983,5/4/2025,1026,2026,404,0,423.12,83.22,CO
984,5/4/2025,1191,2087,402,0,477.96,30.08,IA
985,5/4/2025,1117,2091,403,0,1811.58,74.4,IL
986,5/4/2025,1022,2009,401,1,119.36,75.85,OK
987,5/4/2025,1064,2071,401,1,1107.29,24.37,OK
988,5/4/2025,1066,2052,404,3,5118.82,22.58,IA
989,5/4/2025,1161,2051,404,2,375.42,21.88,OK
990,5/4/2025,1004,2049,401,0,939.84,73.81,IA
991,5/4/2025,1164,2092,401,0,2893.26,77.53,MO
992,5/4/2025,1179,2009,403,0,66.31,free,CO
993,5/4/2025,1074,2087,403,0,477.96,20.5,AR
994,5/4/2025,1072,2097,404,3,842.1,"1,200",IL
995,5/4/2025,1101,2084,401,3,1127.4,26.53,OK
996,5/4/2025,1040,2068,402,1,2952.86,21.11,KS
997,5/4/2025,1191,2050,403,1,504.31,13.06,MO
998,5/4/2025,1076,2086,403,0,2682.3,33.65,IL
999,5/4/2025,1141,2071,402,0,1230.32,12.26,MO
1000,5/4/2025,1010,2000,404,0,3877.24,97.75,KS
1001,5/4/2025,1078,2026,403,1,761.62,38.5,TX
1002,5/4/2025,1105,2082,402,1,239.94,28.36,OK
1003,5/4/2025,1047,2028,403,1,1148.29,55.06,NE
1004,5/4/2025,1029,2023,401,3,2818.62,95.97,KS
1005,5/4/2025,1165,2070,401,2,54.69,91.73,NE
1006,5/4/2025,1171,2008,403,0,133.18,71.13,OK
1007,5/4/2025,1050,2092,404,2,771.54,-10,IA
1008,5/4/2025,1091,2016,402,0,1292.08,71.36,IL
1009,5/4/2025,1072,2079,401,1,855.49,8.05,IA
1010,5/4/2025,1081,2062,404,2,495.49,92.32,CO
1011,5/4/2025,1157,2084,403,1,253.67,75.6,OK
1012,5/4/2025,1144,2072,403,2,672.48,50.35,OK
1013,5/4/2025,1109,2021,401,2,668.33,62.3,MO 
1014,5/4/2025,1063,2028,404,2,510.35,22.84,NE
1015,5/4/2025,1092,2017,403,3,1854.8,9.34,AR
1016,5/4/2025,1118,2057,403,2,699.17,38.8,IA
1017,5/4/2025,1124,2070,401,1,30.76,20 usd,TX
1018,5/4/2025,1165,2077,401,2,449.46,73.25,NE
1019,5/4/2025,1035,2068,402,2,1968.58,66.88,AR
1020,5/4/2025,1187,2080,401,0,0,69.87,NE
1021,5/4/2025,1004,2064,401,3,882.12,-10,CO
1022,5/4/2025,1196,2075,402,0,2341.92,11.48,MN
1023,5/4/2025,1141,2033,404,1,0,88.28,IA
1024,5/4/2025,1093,2050,402,2,448.27,69.66,TX
1025,5/4/2025,1034,2059,401,3,1536.15,88.18,MO
1026,5/4/2025,1093,2064,401,1,793.91,40.7,MN
1027,5/4/2025,1157,2087,402,1,286.78,82.74,KS
1028,5/4/2025,1114,2020,402,1,676.49,99.66,TX
1029,5/4/2025,1188,2093,404,2,1814.26,25.28,K S
1030,5/4/2025,1010,2028,404,1,1148.29,7.18,OK
1031,5/4/2025,1016,2033,403,1,2257.88,87.77,CO
1032,5/4/2025,1010,2085,402,2,387.44,20.63,AR
1033,5/4/2025,1099,2060,404,0,0,59.18,MO
1034,5/4/2025,1010,2083,403,0,768.16,83.23,tx
1035,5/4/2025,1180,2066,403,2,1238.54,5.35,TX
1036,5/4/2025,1148,2069,402,3,697.17,22.83,CO
1037,5/4/2025,1167,2048,403,0,1072.89,40.17,MO 
1038,5/4/2025,1132,2032,404,1,851.04,38.46,CO
1039,5/4/2025,1132,2051,403,2,187.71,20.45,OK
1040,5/4/2025,1124,2061,401,1,0,86.41,KS
1041,5/4/2025,1112,2021,402,0,835.41,93.09,KS
1042,5/4/2025,1131,2082,403,1,239.94,57.4,KS
1043,5/4/2025,1038,2023,402,2,0,71.86,MO 
1044,5/4/2025,1154,2091,401,1,3260.84,91.39,tx
1045,5/4/2025,1106,2042,401,3,1173.27,35.16,IA
1046,5/4/2025,1172,2061,404,1,719.71,81.13,MN
1047,5/4/2025,1151,2020,404,0,1127.49,14.46,IA
1048,5/4/2025,1062,2005,402,1,385.9,95.13,NE
1049,5/4/2025,1034,2080,401,1,2996.14,97.38,MN
1050,5/4/2025,1014,2021,403,1,1503.74,26.07,NE
1051,5/4/2025,1132,2051,401,2,281.57,64.61,MN
1052,5/4/2025,1021,2027,404,3,775.83,12.35,AR
1053,5/4/2025,1123,2021,402,3,0,24.98,OK
1054,5/4/2025,1153,2018,402,2,867.62,58.89,MN
1055,5/4/2025,1042,2092,403,3,1446.63,75.46,KS
1056,5/4/2025,1152,2075,401,1,2107.73,25.61,AR
1057,5/4/2025,1096,2049,402,0,939.84,57.39,IL
1058,5/4/2025,1004,2025,404,1,0,85.37,IL
1059,5/4/2025,1155,2012,402,3,623.19,88.87,OK
1060,5/4/2025,1157,2076,401,0,2418.21,90.3,KS
1061,5/4/2025,1023,2061,402,0,199.92,95.29,CO
1062,5/4/2025,1198,2086,404,3,894.1,40.31,IA
1063,5/4/2025,1094,2005,404,1,771.8,49.21,AR
1064,5/4/2025,1123,2098,404,2,3631.44,62.75,KS
1065,5/4/2025,1150,2094,401,3,2466.75,52.37,IL
1066,5/4/2025,1034,2032,404,1,1702.08,66.15,MN
1067,5/4/2025,1021,2036,404,2,348.77,8.72,MO
1068,5/4/2025,1048,2000,401,0,4846.55,57.86,AR
1069,5/4/2025,1133,2000,404,1,872.38,85.09,MN
1070,5/4/2025,1176,2040,404,2,55.26,26.5,KS
1071,5/4/2025,1027,2019,404,2,747.14,79.57,MO 
1072,5/4/2025,1066,2068,404,2,1968.58,18.09,TX
1073,5/4/2025,1156,2035,404,1,0,16.63,CO
1074,5/4/2025,1105,2070,404,1,0,33.14,KS
1075,5/4/2025,1094,2071,404,2,984.26,51.99,XX
1076,5/4/2025,1078,2073,403,3,499.43,53.82,AR
1077,5/4/2025,1188,2017,401,1,417.33,39.55,TX
1078,5/4/2025,1114,2089,402,0,827.04,87.63,KS
1079,5/4/2025,1054,2065,404,2,376.27,0,CO
1080,5/4/2025,1140,2078,401,1,255.62,53.25,MO
1081,5/4/2025,1099,2081,401,0,1492.44,21.78,IL
1082,5/4/2025,1037,2060,404,0,1225.14,10.05,MO
1083,5/4/2025,1016,2033,402,2,2007,42.32,NE
1084,5/4/2025,1020,2077,401,3,561.83,61.65,MO
1085,5/4/2025,1102,2078,403,0,142.01,34.94,KS
1086,5/4/2025,1198,2022,404,3,671.18,-10,KS
1087,5/4/2025,1002,2025,403,1,503.32,49.89,MO
1088,5/4/2025,1008,2076,402,1,1450.93,33.94,AR
1089,5/4/2025,1172,2004,403,1,834.52,33.61,AR
1090,5/4/2025,1167,2000,402,0,969.31,19.05,OK
1091,5/4/2025,1070,2099,404,2,1551.17,39.14,KS
1092,5/4/2025,1171,2050,404,1,168.1,47.68,CO
1093,5/4/2025,1132,2001,401,0,2061.75,8.9,CO
1094,5/4/2025,1140,2036,403,2,348.77,15.47,MO
1095,5/4/2025,1070,2028,402,3,2551.76,33.85,IL
1096,5/4/2025,1103,2073,401,2,0,5.48,AR
1097,5/4/2025,1044,2052,401,0,2193.78,78.04,IA
1098,5/4/2025,1128,2037,403,0,0,49.95,AR
1099,5/4/2025,1131,2032,403,3,4728,61.72,IA
1100,5/4/2025,1096,2072,404,1,378.27,23.95,IL
1101,5/4/2025,1193,2043,404,3,2620.35,18.17,TX
1102,5/4/2025,1150,2003,404,0,1155.54,48.82,tx
1103,5/4/2025,1066,2008,404,1,59.93,63.98,MN
1104,5/4/2025,1173,2089,402,2,0,54.21,MO
1105,5/4/2025,1105,2045,401,2,499.42,36.47,MO
1106,5/4/2025,1063,2036,401,3,653.94,96.89,IA
1107,5/4/2025,1172,2095,403,0,981.58,20 usd,MN
1108,5/4/2025,1141,2022,404,2,0,50.01,CO
1109,5/4/2025,1090,2027,403,1,698.25,56.94,MN
1110,5/4/2025,1191,2087,402,3,955.92,67.46,IA
1111,5/4/2025,1188,2025,402,1,251.66,39.9,IL
1112,5/4/2025,1067,2026,402,1,380.81,58.6,MO
1113,5/4/2025,1063,2079,403,1,1710.97,96.47,TX
1114,5/4/2025,1199,2013,401,0,5612.16,72.09,OK
1115,5/4/2025,1173,2084,404,0,281.85,18.3,IL
1116,5/4/2025,1195,2069,401,3,697.17,72.31,CO
1117,5/4/2025,1095,2079,403,3,950.54,43.36,??
1118,5/4/2025,1147,2035,404,1,809.99,98.23,NE
1119,5/4/2025,1195,2065,403,3,1411.02,15.88,KS
1120,5/4/2025,1056,2096,402,0,0,98.94,MN
1121,5/4/2025,1134,2054,404,0,3602.04,55.21,NE
1122,5/4/2025,1128,2044,404,1,373.64,43.76,CO
1123,5/4/2025,1117,2015,404,2,1619.93,24.71,TX
1124,5/4/2025,1176,2001,401,1,371.12,88.03,MN
1125,5/4/2025,1097,2074,401,2,527.6,26.28,IL
1126,5/4/2025,1092,2078,403,1,383.43,59.66,CO
1127,5/4/2025,1140,2033,402,2,1338,92.15,IL
1128,5/4/2025,1120,2078,403,2,227.22,82.59,AR
1129,5/4/2025,1047,2063,404,1,0,71.79,MO
1130,5/4/2025,1107,2089,403,2,330.82,17.3,MO
1131,5/4/2025,1102,2035,404,1,1619.98,26.64,XX
1132,5/4/2025,1146,2016,402,0,0,77.74,IA
1133,5/4/2025,1184,2034,402,3,680.85,23.4,OK
1134,5/4/2025,1097,2025,402,1,1258.29,76.49,CO
1135,5/4/2025,1121,2001,402,3,0,31.85,AR
1136,5/4/2025,1127,2017,403,3,0,12.26,CO
1137,5/4/2025,1076,2032,401,3,6619.2,39.86,CO
1138,5/4/2025,1025,2088,402,0,0,44.03,MN
1139,5/4/2025,1055,2032,404,0,945.6,16.66,XX
1140,5/4/2025,1115,2095,403,2,0,30.68,MN
1141,5/4/2025,1092,2046,403,2,80.23,41.54,MO
1142,5/4/2025,1005,2052,401,2,1170.02,94.04,MN
1143,5/4/2025,1173,2077,402,1,1516.94,83.78,OK
1144,5/4/2025,1199,2036,403,2,871.92,93.58,IL
1145,5/4/2025,1172,2065,404,3,2822.04,41.22,NE
1146,5/4/2025,1020,2048,403,3,1072.89,37.07,MO 
1147,5/4/2025,1161,2018,402,2,1301.42,59,AR
1148,5/4/2025,1107,2080,404,0,4993.56,free,AR
1149,5/4/2025,1020,2020,403,1,1014.74,34.83,KS
1150,5/4/2025,1080,2040,403,2,55.26,87.77,MO
1151,5/4/2025,1154,2082,404,2,639.84,26.66,IL
1152,5/4/2025,1113,2099,403,3,646.32,15.37,CO
1153,5/4/2025,1105,2021,402,0,835.41,65.98,IL
1154,5/4/2025,1032,2093,402,2,2419.01,97.48,MO 
1155,5/4/2025,1190,2089,401,1,0,81.76,CO
1156,5/4/2025,1042,2050,401,0,1120.68,67.42,IA
1157,5/4/2025,1016,2060,401,0,816.76,64.88,OK
1158,5/4/2025,1197,2050,401,0,560.34,35.11,NE
1159,5/4/2025,1067,2079,402,0,1901.08,76.08,KS
1160,5/4/2025,1167,2049,403,1,0,67.07,MN
1161,5/4/2025,1063,2094,403,3,493.35,91.38,MN
1162,5/4/2025,1160,2016,402,1,1162.87,19.1,TX
1163,5/4/2025,1007,2004,403,2,2225.4,30.02,CO
1164,5/4/2025,1121,2059,403,3,2048.2,11.94,CO
1165,5/4/2025,1034,2089,402,3,2481.12,16.31,AR
1166,5/4/2025,1161,2095,404,2,392.63,64.93,OK
1167,5/4/2025,1088,2061,402,0,799.68,12.96,MO
1168,5/4/2025,1113,2039,403,3,976.44,94.75,KS
1169,5/4/2025,1066,2019,403,0,933.93,32.1,OK
1170,5/4/2025,1000,2066,402,2,412.85,54.32,MN
1171,5/4/2025,1073,2060,401,3,0,21.09,IL
1172,5/4/2025,1193,2061,403,0,199.92,76.71,MO
1173,5/4/2025,1196,2055,403,1,194.18,7.45,NE
1174,5/4/2025,1001,2070,403,1,61.52,73.04,KS
1175,5/4/2025,1105,2071,404,3,615.16,38.6,KS
1176,5/4/2025,1063,2020,404,3,375.83,68.85,KS
1177,5/4/2025,1056,2033,401,3,836.25,84.94,MO
1178,5/4/2025,1160,2030,403,2,271.95,49.66,TX
1179,5/4/2025,1166,2095,403,3,1472.37,76.2,MO
1180,5/4/2025,1048,2008,402,1,0,63.27,MN
1181,5/4/2025,1074,2014,404,3,738.9,68.46,TX
1182,5/4/2025,1069,2089,404,1,372.17,76.72,IL
1183,5/4/2025,1082,2002,402,0,1732,38.02,OK
1184,5/4/2025,1136,2002,402,0,1732,25.44,OK
1185,5/4/2025,1072,2034,402,3,0,91.68,IL
1186,5/4/2025,1186,2001,402,0,824.7,24.59,KS
1187,5/4/2025,1038,2001,404,1,0,81.23,KS
1188,5/4/2025,1087,2053,403,3,2440.6,55.87,IA
1189,5/4/2025,1095,2059,401,2,1638.56,57.53,NE
1190,5/4/2025,1020,2096,402,0,2688.72,33.64,NE
1191,5/4/2025,1068,2099,404,0,1938.96,82.74,IL
1192,5/4/2025,1139,2060,402,1,1102.63,56.46,IA
1193,5/4/2025,1064,2048,401,0,715.26,75.63,IL
1194,5/4/2025,1196,2091,402,3,0,43.6,IL
1195,5/4/2025,1197,2056,402,0,1049.44,42.4,AR
1196,5/4/2025,1050,2058,401,1,1800.22,47.47,TX
1197,5/4/2025,1121,2049,403,2,751.87,87.16,TX
1198,5/4/2025,1040,2080,401,0,1664.52,10.6,TX
1199,5/4/2025,1064,2061,403,1,179.93,61.88,MO
1200,5/4/2025,1092,2006,402,0,198,72.34,CO
1201,5/4/2025,1060,2081,404,2,1193.95,6.29,CO
1202,5/4/2025,1003,2021,403,0,2506.23,21.22,CO
1203,5/4/2025,1101,2031,401,0,1130.6,92.59,IL
1204,5/4/2025,1148,2088,404,1,0,63.33,AR
1205,5/4/2025,1095,2098,401,1,2451.22,17.86,CO
1206,5/4/2025,1040,2063,401,2,883.94,0,NE
1207,5/4/2025,1194,2080,401,0,1664.52,65.45,NE
1208,5/4/2025,1091,2082,402,0,0,39.89,OK
1209,5/4/2025,1032,2062,402,2,1981.95,21.94,MN
1210,5/4/2025,1142,2082,403,3,799.8,31.34,MN
1211,5/4/2025,1187,2024,401,3,372.81,18.92,IA
1212,5/4/2025,1091,2092,402,2,385.77,33.74,KS
1213,5/4/2025,1010,2062,404,2,990.98,12.43,MN
1214,5/4/2025,1138,2089,404,1,744.34,51.56,IL
1215,5/4/2025,1145,2023,403,2,1503.26,49.28,AR
1216,5/4/2025,1187,2059,403,1,1843.38,20 usd,AR
1217,5/4/2025,1017,2067,402,3,0,62.64,MO
1218,5/4/2025,1075,2033,403,3,836.25,59.36,MO
1219,5/4/2025,1000,2099,404,1,2326.75,56.83,
1220,5/4/2025,1004,2079,403,1,0,84.24,KS
1221,5/4/2025,1082,2092,401,3,0,63.33,MO
1222,5/4/2025,1048,2067,404,1,785.56,39.79,MO
1223,5/4/2025,1156,2036,403,3,0,74.25,KS
1224,5/4/2025,1164,2041,401,0,804.21,94.4,IL
1225,5/4/2025,1133,2084,401,0,0,16.04,KS
1226,5/4/2025,1033,2022,401,1,604.06,5.99,AR
1227,5/4/2025,1027,2062,402,0,1238.72,76,IA
1228,5/4/2025,1008,2073,404,3,1498.29,30.92,NE
1229,5/4/2025,1134,2079,403,0,950.54,65.97,TX
1230,5/4/2025,1093,2028,401,0,1275.88,99.41,OK
1231,5/4/2025,1053,2083,404,0,2304.48,80.46,KS
1232,5/4/2025,1119,2081,401,2,0,50.14,TX
1233,5/4/2025,1142,2095,404,2,1177.9,64.8,MO
1234,5/4/2025,1181,2007,403,0,583.39,56.94,MO
1235,5/4/2025,1187,2009,403,0,265.24,73.72,MN
1236,5/4/2025,1055,2066,401,0,2580.3,53.16,OK
1237,5/4/2025,1185,2029,404,1,12.16,61.7,CO
1238,5/4/2025,1049,2067,402,1,261.86,34.38,IA
1239,5/4/2025,1142,2095,404,0,1963.16,88.88,IL
1240,5/4/2025,1196,2081,403,3,746.22,78.68,MO
1241,5/4/2025,1179,2085,404,0,242.15,83.98,NE
1242,5/4/2025,1042,2023,404,2,2254.9,82.88,OK
1243,5/4/2025,1168,2020,404,2,601.33,21.93,NE
1244,5/4/2025,1080,2070,403,2,0,18.12,MO 
1245,5/4/2025,1105,2097,404,2,673.68,83.02,MO
1246,5/4/2025,1155,2030,402,3,509.91,37.9,KS
1247,5/4/2025,1196,2070,403,2,27.34,6.1,OK
1248,5/4/2025,1115,2057,404,0,1747.92,52.7,TX
1249,5/4/2025,1185,2004,403,0,2781.75,87.68,KS
1250,5/4/2025,1132,2017,403,0,0,48.22,MO
1251,5/4/2025,1076,2028,402,2,1020.7,45.44,IL
1252,5/4/2025,1005,2098,403,1,3268.3,8.38,KS
1253,5/4/2025,1024,2004,404,2,1483.6,65.13,OK
1254,5/4/2025,1039,2017,403,2,370.96,82.95,MN
1255,5/4/2025,1149,2031,402,2,904.48,41.28,KS
1256,5/4/2025,1076,2011,404,1,737.53,75.56,KS
1257,5/4/2025,1187,2009,403,3,198.93,80.4,MO
1258,5/4/2025,1044,2062,401,2,495.49,9.35,OK
1259,5/4/2025,1009,2093,404,0,0,17.33,IL
1260,5/4/2025,1199,2007,403,2,1400.14,63.08,MN
1261,5/4/2025,1111,2053,401,1,3294.81,-10,AR
1262,5/4/2025,1191,2083,401,3,768.16,43.28,MN
1263,5/4/2025,1013,2039,401,2,1562.3,76.33,TX
1264,5/4/2025,1138,2072,402,2,672.48,7.22,IL
1265,5/4/2025,1128,2089,402,1,744.34,14.21,NE
1266,5/4/2025,1012,2086,404,3,2682.3,57.26,AR
1267,5/4/2025,1192,2076,401,1,1450.93,96.22,AR
1268,5/4/2025,1110,2037,404,1,324.13,92.77,IA
1269,5/4/2025,1033,2043,401,3,4367.25,60.11,OK
1270,5/4/2025,1146,2095,401,3,1963.16,61.96,OK
1271,5/4/2025,1067,2010,404,3,0,75.58,OK
1272,5/4/2025,1198,2089,402,1,744.34,72.72,NE
1273,5/4/2025,1123,2071,402,3,1845.48,99.02,IA
1274,5/4/2025,1101,2083,402,1,2074.03,73.59,
1275,5/4/2025,1062,2009,403,3,66.31,29.7,CO
1276,5/4/2025,1082,2087,401,0,318.64,82.11,MO
1277,5/4/2025,1171,2052,404,2,0,29.94,MN
1278,5/4/2025,1089,2024,403,2,298.25,24.96,KS
1279,5/4/2025,1152,2083,401,2,1843.58,47.24,TX
1280,5/4/2025,1043,2044,404,1,373.64,40.23,AR
1281,5/4/2025,1112,2005,402,1,0,19.67,IA
1282,5/4/2025,1175,2047,402,0,1004.94,33.78,MO 
1283,5/4/2025,1028,2094,401,1,888.03,19.81,CO
1284,5/4/2025,1158,2018,403,0,2169.04,41.09,KS
1285,5/4/2025,1087,2088,401,2,567.48,38.87,TX
1286,5/4/2025,1115,2060,401,2,980.11,24.24,MO
1287,5/4/2025,1053,2094,402,1,888.03,87.9,MO
1288,5/4/2025,1139,2066,403,3,2580.3,26.69,TX
1289,5/4/2025,1159,2093,402,0,0,91.08,IA
1290,5/4/2025,1096,2074,401,2,1055.2,79.23,AR
1291,5/4/2025,1043,2007,403,1,525.05,61.84,IL
1292,5/4/2025,1178,2079,403,0,950.54,65.32,TX
1293,5/4/2025,1119,2083,401,0,768.16,31.96,IL
1294,5/4/2025,1099,2084,403,2,0,76.88,IA
1295,5/4/2025,1027,2002,403,3,866,33.94,TX
1296,5/4/2025,1059,2048,401,2,572.21,34.01,CO
1297,5/4/2025,1124,2076,401,1,2176.39,42.64,IA
1298,5/4/2025,1050,2064,404,0,1470.2,79.08,IL
1299,5/4/2025,1010,2031,403,2,1356.72,34.96,IL
1300,5/4/2025,1125,2050,402,0,373.56,81.51,TX
1301,5/4/2025,1088,2087,403,2,509.82,35.58,OK
1302,5/4/2025,1160,2038,402,2,2223.62,20.24,TX
1303,5/4/2025,1015,2080,403,3,2496.78,28.74,MN
1304,5/4/2025,1007,2071,403,1,553.64,49.82,KS
1305,5/4/2025,1038,2043,404,1,786.1,46.63,AR
1306,5/4/2025,1022,2093,404,1,2721.38,11.46,AR
1307,5/4/2025,1106,2030,402,3,1019.82,39.41,NE
1308,5/4/2025,1079,2077,403,3,561.83,44.02,OK
1309,5/4/2025,1138,2016,402,1,872.15,99.59,CO
1310,5/4/2025,1148,2069,402,1,418.3,13.75,CO
1311,5/4/2025,1079,2088,402,3,709.35,99.33,KS
1312,5/4/2025,1197,2018,402,2,867.62,11.94,MN
1313,5/4/2025,1017,2071,401,1,553.64,5.6,XX
1314,5/4/2025,1081,2018,401,2,867.62,67.09,NE
1315,5/4/2025,1105,2052,403,3,731.26,22.25,MO
1316,5/4/2025,1190,2081,403,1,0,26.86,NE
1317,5/4/2025,1199,2024,401,1,223.69,90.39,TX
1318,5/4/2025,1047,2003,403,1,346.66,20 usd,OK
1319,5/4/2025,1152,2029,402,0,27.02,16.56,NE
1320,5/4/2025,1091,2010,404,1,210.17,80.98,AR
1321,5/4/2025,1128,2077,404,2,0,44.9,KS
1322,5/4/2025,1047,2049,404,3,0,13.02,OK
1323,5/4/2025,1035,2020,402,1,676.49,58.64,IA
1324,5/4/2025,1008,2052,401,2,585.01,40.31,OK
1325,5/4/2025,1105,2028,402,1,1148.29,88.51,KS
1326,5/4/2025,1016,2022,404,3,2684.72,7.71,MO
1327,5/4/2025,1176,2041,404,1,1447.58,61.86,CO
1328,5/4/2025,1109,2051,401,3,469.28,98.42,CO
1329,5/4/2025,1184,2040,404,0,103.62,90.46,IL
1330,5/4/2025,1133,2013,404,3,3741.44,59.27,IA
1331,5/4/2025,1010,2031,404,0,1130.6,89.26,KS
1332,5/4/2025,1142,2049,401,1,0,54.11,IL
1333,5/4/2025,1074,2056,404,2,839.55,20 usd,MO
1334,5/4/2025,1198,2036,404,1,392.36,6.11,TX
1335,5/4/2025,1108,2037,401,1,648.25,46.79,IL
1336,5/4/2025,1118,2082,404,0,799.8,78.34,TX
1337,5/4/2025,1184,2064,401,1,264.64,"1,200",IA
1338,5/4/2025,1199,2074,402,3,1978.5,47.99,CO
1339,5/4/2025,1105,2041,404,0,0,18.46,NE
1340,5/4/2025,1045,2058,402,3,0,9.46,CO
1341,5/4/2025,1023,2032,403,1,1702.08,86.6,NE
1342,5/4/2025,1183,2093,401,0,2267.82,96.11,OK
1343,5/4/2025,1029,2090,404,2,57.31,5.03,IL
1344,5/4/2025,1021,2067,404,1,261.86,18.66,IA
1345,5/4/2025,1096,2070,404,0,136.72,28.61,AR
1346,5/4/2025,1196,2021,403,1,751.87,19.43,TX
1347,5/4/2025,1041,2018,402,0,1084.52,61.85,NE
1348,5/4/2025,1107,2039,403,3,0,91.5,AR
1349,5/4/2025,1073,2080,402,0,3329.04,21,TX
1350,5/4/2025,1033,2025,401,2,671.09,87.59,TX
1351,5/4/2025,1003,2058,404,3,2000.25,31.21,IL
1352,5/4/2025,1139,2000,404,1,1744.76,28.06,TX
1353,5/4/2025,1055,2075,404,3,3122.56,58.73,MN
1354,5/4/2025,1104,2056,401,0,1574.16,59.68,KS
1355,5/4/2025,1062,2070,403,1,30.76,8.79,TX
1356,5/4/2025,1012,2023,402,0,2818.62,68.56,MO
1357,5/4/2025,1167,2044,401,1,560.47,85.7,IL
1358,5/4/2025,1008,2085,403,2,0,65.31,IA
1359,5/4/2025,1022,2006,401,3,990,85.25,KS
1360,5/4/2025,1045,2020,403,1,1352.99,43.58,MN
1361,5/4/2025,1116,2095,403,0,981.58,90.1,IA
1362,5/4/2025,1023,2098,403,2,1452.58,76.89,CO
1363,5/4/2025,1094,2048,401,3,1072.89,85.96,IA
1364,5/4/2025,1140,2008,403,3,0,89.31,IL
1365,5/4/2025,1034,2015,403,2,1079.95,68.41,XX
1366,5/4/2025,1134,2052,402,1,1316.27,33.2,MO
1367,5/4/2025,1156,2007,401,0,1750.17,54.26,OK
1368,5/4/2025,1123,2092,403,3,0,45.97,AR
1369,5/4/2025,1155,2040,403,2,27.63,98.69,NE
1370,5/4/2025,1033,2078,404,3,568.04,26.64,AR
1371,5/4/2025,1126,2023,402,2,2254.9,52.23,OK
1372,5/4/2025,1049,2000,401,0,3877.24,72.1,KS
1373,5/4/2025,1119,2080,401,1,0,51.63,IA
1374,5/4/2025,1157,2053,404,0,1830.45,88.22,OK
1375,5/4/2025,1085,2044,402,0,207.58,72.65,AR
1376,5/4/2025,1163,2025,403,2,447.39,98.08,IA
1377,5/4/2025,1017,2039,403,2,3905.76,95.16,OK
1378,5/4/2025,1196,2000,401,2,0,45.88,IL
1379,5/4/2025,1087,2050,401,1,168.1,76.42,CO
1380,5/4/2025,1049,2042,403,3,670.44,55.27,MO
1381,5/4/2025,1121,2004,402,3,3709,63.98,IA
1382,5/4/2025,1039,2080,404,2,665.81,72.1,IA
1383,5/4/2025,1118,2052,401,2,0,16.43,IL
1384,5/4/2025,1144,2092,403,0,1446.63,19.75,MN
1385,5/4/2025,1053,2073,403,2,1198.63,57.67,AR
1386,5/4/2025,1016,2019,403,0,0,92.51,MN
1387,5/4/2025,1086,2048,402,3,1072.89,42.45,CO
1388,5/4/2025,1047,2076,401,2,0,40.82,
1389,5/4/2025,1180,2040,401,2,110.53,69.98,MO
1390,5/4/2025,1105,2011,404,1,0,34.8,MO
1391,5/4/2025,1095,2057,403,1,786.56,88,CO
1392,5/4/2025,1134,2038,402,0,926.51,89.77,AR
1393,5/4/2025,1095,2004,402,0,0,24.57,KS
1394,5/4/2025,1113,2064,401,3,294.04,83.52,AR
1395,5/4/2025,1128,2019,402,2,1494.29,69.64,IL
1396,5/4/2025,1123,2093,403,2,3023.76,40.83,NE
1397,5/4/2025,1036,2098,401,1,817.07,67.98,NE
1398,5/4/2025,1052,2092,401,3,1928.84,95.76,OK
1399,5/4/2025,1099,2091,401,0,905.79,24.2,KS
1400,5/4/2025,1079,2005,401,2,1715.12,84.14,IA
1401,5/4/2025,1119,2005,401,2,686.05,78.07,CO
1402,5/4/2025,1005,2073,403,1,0,95.29,IA
1403,5/4/2025,1082,2025,402,2,223.7,22.48,NE
1404,5/4/2025,1070,2068,403,3,2460.72,18.62,AR
1405,5/4/2025,1171,2015,403,1,0,40.19,IA
1406,5/4/2025,1040,2035,401,0,899.99,41.82,MN
1407,5/4/2025,1159,2071,401,1,1660.93,94.04,OK
1408,5/4/2025,1138,2044,403,2,0,65.49,TX
1409,5/4/2025,1036,2090,403,1,0,41.9,IL
1410,5/4/2025,1043,2009,403,2,106.1,56.44,NE
1411,5/4/2025,1138,2056,401,1,944.5,47.97,OK
1412,5/4/2025,1007,2060,401,0,816.76,59,MN
1413,5/4/2025,1098,2006,401,3,990,56.57,TX
1414,5/4/2025,1100,2022,404,2,1610.83,67.67,CO
1415,5/4/2025,1079,2042,402,0,167.61,69.66,IA
1416,5/4/2025,1193,2097,404,1,2273.67,77.45,TX
1417,5/4/2025,1023,2089,404,0,413.52,13.15,MO
1418,5/4/2025,1116,2039,404,3,3905.76,25.24,KS
1419,5/4/2025,1059,2028,402,2,1531.06,58.38,IA
1420,5/4/2025,1093,2050,402,2,298.85,31.72,NE
1421,5/4/2025,1083,2058,404,0,2000.25,49.92,TX
1422,5/4/2025,1016,2060,401,2,653.41,97.18,MN
1423,5/4/2025,1122,2059,402,2,1228.92,19.2,NE
1424,5/4/2025,1196,2044,402,0,207.58,61.08,IA
1425,5/4/2025,1103,2091,401,2,2173.9,20.85,NE
1426,5/4/2025,1142,2083,401,2,1229.06,77.18,TX
1427,5/4/2025,1136,2059,404,3,2560.25,33.76,NE
1428,5/4/2025,1061,2079,402,1,2566.46,86.09,OK
1429,5/4/2025,1123,2049,401,2,751.87,91.77,KS
1430,5/4/2025,1053,2088,404,3,709.35,77.4,NE
1431,5/4/2025,1145,2043,402,1,1572.21,free,AR
1432,5/4/2025,1169,2085,401,3,1210.75,79.68,KS
1433,5/4/2025,1029,2075,404,2,1249.02,13.7,OK
1434,5/4/2025,1142,2012,404,1,1682.61,23.74,TX
1435,5/4/2025,1078,2051,401,0,117.32,5.6,IA
1436,5/4/2025,1175,2076,404,2,1289.71,22.88,AR
1437,5/4/2025,1126,2082,401,0,1066.4,25.73,IL
1438,5/4/2025,1055,2017,401,1,1669.32,11.14,KS
1439,5/4/2025,1169,2019,404,2,747.14,47.36,KS
1440,5/4/2025,1099,2078,404,1,383.43,74.08,AR
1441,5/4/2025,1052,2087,403,2,0,23.08,MN
1442,5/4/2025,1145,2086,403,3,2682.3,43.31,TX
1443,5/4/2025,1183,2044,401,0,1037.9,35.09,IA
1444,5/4/2025,1156,2065,404,1,423.31,6.56,TX
1445,5/4/2025,1075,2007,403,0,1166.78,26.64,TX
1446,5/4/2025,1000,2090,403,0,143.28,95.53,TX
1447,5/4/2025,1072,2003,402,3,0,20.07,IL
1448,5/4/2025,1179,2075,404,2,1873.54,87.09,AR
1449,5/4/2025,1182,2048,404,3,357.63,91.46,AR
1450,5/4/2025,1111,2069,402,1,836.6,17.08,AR
1451,5/4/2025,1121,2017,402,3,2782.2,58.51,MO
1452,5/4/2025,1092,2053,402,2,1464.36,89.64,IL
1453,5/4/2025,1171,2016,402,0,646.04,26.22,MO
1454,5/4/2025,1018,2082,401,1,0,62.45,CO
1455,5/4/2025,1184,2062,404,1,1672.27,54.73,CO
1456,5/4/2025,1021,2017,404,3,463.7,18.69,??
1457,5/4/2025,1178,2077,404,1,505.65,57.75,MN
1458,5/4/2025,1116,2065,404,3,470.34,60.72,AR
1459,5/4/2025,1098,2045,402,1,280.93,57.26,OK
1460,5/4/2025,1108,2077,401,3,1685.49,58.73,K S
1461,5/4/2025,1187,2030,403,3,509.91,54.66,NE
1462,5/4/2025,1139,2073,403,0,499.43,10.9,OK
1463,5/4/2025,1009,2072,404,2,0,91.59,IL
1464,5/4/2025,1028,2074,404,0,3297.5,71.24,XX
1465,5/4/2025,1036,2093,403,3,0,65.26,MO 
1466,5/4/2025,1132,2010,401,1,0,24.84,MN
1467,5/4/2025,1120,2080,401,2,665.81,19.46,MO
1468,5/4/2025,1156,2006,403,0,198,62.72,AR
1469,5/4/2025,1120,2058,404,2,1600.2,68.83,OK
1470,5/4/2025,1107,2045,403,2,249.71,75.99,NE
1471,5/4/2025,1042,2004,403,2,0,28.97,
1472,5/4/2025,1015,2080,404,1,749.03,98.5,MN
1473,5/4/2025,1146,2006,403,0,792,12.38,KS
1474,5/4/2025,1073,2062,401,1,1114.85,41.23,MN
1475,5/4/2025,1129,2009,403,2,0,31.6,MO
1476,5/4/2025,1033,2078,403,2,340.82,91.88,KS
1477,5/4/2025,1065,2001,401,1,371.12,73.86,TX
1478,5/4/2025,1151,2094,402,3,493.35,19.56,KS
1479,5/4/2025,1094,2022,403,1,0,free,KS
1480,5/4/2025,1124,2023,401,2,2254.9,96.5,NE
1481,5/4/2025,1021,2018,402,3,542.26,86.41,CO
1482,5/4/2025,1192,2052,404,1,0,61.81,TX
1483,5/4/2025,1169,2056,402,1,944.5,65.73,OK
1484,5/4/2025,1147,2093,403,0,2267.82,69.19,OK
1485,5/4/2025,1164,2033,401,0,836.25,76.6,IA
1486,5/4/2025,1042,2059,404,3,3072.3,85.85,MN
1487,5/4/2025,1077,2060,402,3,1633.52,56.68,CO
1488,5/4/2025,1174,2090,404,3,286.56,51.47,AR
1489,5/4/2025,1067,2018,404,0,2169.04,43.76,KS
1490,5/4/2025,1073,2057,404,2,349.58,52.93,KS
1491,5/4/2025,1135,2087,401,0,318.64,14.18,
1492,5/4/2025,1136,2081,403,3,2238.66,16.3,AR
1493,5/4/2025,1156,2083,403,2,1229.06,92.36,MN
1494,5/4/2025,1069,2034,401,2,217.87,86.81,OK
1495,5/4/2025,1167,2074,404,3,2638,99.49,tx
1496,5/4/2025,1197,2086,402,1,2414.07,64.97,KS
1497,5/4/2025,1133,2043,402,2,1397.52,78.83,TX
1498,5/4/2025,1140,2001,401,0,1237.05,47.22,CO
1499,5/4/2025,1003,2052,401,0,731.26,16.18,CO
1500,5/4/2025,1175,2057,403,1,1179.85,45.54,IA
1501,5/4/2025,1185,2036,403,1,980.91,21.78,XX
1502,5/4/2025,1008,2003,401,0,0,95.06,KS
1503,5/4/2025,1152,2084,402,0,281.85,6.95,CO
1504,5/4/2025,1181,2015,401,1,1214.95,71.69,KS
1505,5/4/2025,1096,2084,402,0,0,88.18,
1506,5/4/2025,1178,2023,403,2,1503.26,11.35,IA
1507,5/4/2025,1119,2084,401,3,0,40.33,CO
1508,5/4/2025,1070,2098,404,2,1452.58,18.02,NE
1509,5/4/2025,1065,2020,401,2,300.66,65.17,CO
1510,5/4/2025,1198,2007,404,3,2333.56,99.04,KS
1511,5/4/2025,1085,2007,403,2,933.42,10.67,MO 
1512,5/4/2025,1045,2056,401,3,3148.32,87.36,IA
1513,5/4/2025,1051,2078,404,1,383.43,32.32,KS
1514,5/4/2025,1165,2062,401,1,557.42,40.1,OK
1515,5/4/2025,1138,2098,404,1,817.07,95.11,CO
1516,5/4/2025,1157,2082,401,3,1066.4,79.65,IA
1517,5/4/2025,1183,2033,401,0,0,93.75,IL
1518,5/4/2025,1018,2009,403,3,0,83.44,CO
1519,5/4/2025,1004,2063,402,0,552.46,81.21,IL
1520,5/4/2025,1009,2085,404,2,193.72,16.14,IL
1521,5/4/2025,1038,2089,403,3,1240.56,28.34,TX
1522,5/4/2025,1147,2000,404,3,4846.55,40.77,CO
1523,5/4/2025,1111,2051,401,1,211.18,31.32,MN
1524,5/4/2025,1000,2049,404,0,5639.04,16.35,IA
1525,5/4/2025,1145,2068,403,2,656.19,79.47,OK
1526,5/4/2025,1174,2038,404,0,1853.02,64.31,IL
1527,5/4/2025,1161,2082,401,2,213.28,27.45,MO
1528,5/4/2025,1136,2043,401,3,3493.8,95.67,KS
1529,5/4/2025,1194,2098,403,1,2451.22,27.99,MN
1530,5/4/2025,1045,2070,401,3,102.54,61.97,OK
1531,5/4/2025,1169,2024,403,3,621.35,85.81,MO 
1532,5/4/2025,1027,2080,403,3,2496.78,"1,200",MN
1533,5/4/2025,1021,2080,404,1,2247.1,21,OK
1534,5/4/2025,1035,2004,402,0,1854.5,49.62,MO
1535,5/4/2025,1184,2075,402,3,2341.92,39.15,MO
1536,5/4/2025,1099,2008,403,3,66.59,99.72,TX
1537,5/4/2025,1136,2057,401,0,1310.94,20 usd,XX
1538,5/4/2025,1086,2007,403,0,1750.17,93.54,TX
1539,5/4/2025,1103,2015,402,3,2024.91,11.34,KS
1540,5/4/2025,1173,2068,402,1,0,27.44,NE
1541,5/4/2025,1018,2004,402,3,927.25,57.58,AR
1542,5/4/2025,1167,2002,404,0,866,77.8,CO
1543,5/4/2025,1062,2089,402,0,2067.6,27.98,MN
1544,5/4/2025,1044,2080,401,2,665.81,65.81,MO
1545,5/4/2025,1024,2058,402,0,2000.25,56.44,OK
1546,5/4/2025,1027,2014,404,1,443.34,76.4,CO
1547,5/4/2025,1016,2025,404,2,671.09,99.5,IL
1548,5/4/2025,1188,2086,404,2,2861.12,76.28,NE
1549,5/4/2025,1030,2087,402,2,382.37,33.69,NE
1550,5/4/2025,1054,2097,401,1,2273.67,24.45,IA
1551,5/4/2025,1085,2008,401,2,106.54,49.18,OK
1552,5/4/2025,1036,2096,404,1,1814.89,20 usd,KS
1553,5/4/2025,1178,2047,402,3,1004.94,30.61,MO
1554,5/4/2025,1062,2074,401,1,1187.1,36.02,AR
1555,5/4/2025,1025,2080,404,1,3745.17,57.06,MN
1556,5/4/2025,1004,2062,401,0,2477.44,18.68,NE
1557,5/4/2025,1001,2022,401,2,536.94,95.59,NE
1558,5/4/2025,1106,2088,404,1,1276.83,99.15,IA
1559,5/4/2025,1052,2018,403,3,2169.04,15.85,TX
1560,5/4/2025,1105,2030,402,0,339.94,89.47,AR
1561,5/4/2025,1152,2023,404,0,1879.08,61.42,NE
1562,5/4/2025,1160,2038,403,3,0,43.45,MN
1563,5/4/2025,1001,2071,402,1,1660.93,49.11,IA
1564,5/4/2025,1030,2067,401,2,465.52,28.04,MN
1565,5/4/2025,1194,2069,402,3,929.56,44.35,MO
1566,5/4/2025,1197,2080,402,2,1331.62,25.33,OK
1567,5/4/2025,1013,2024,401,1,335.53,14.56,KS
1568,5/4/2025,1175,2060,404,1,735.08,66.56,XX
1569,5/4/2025,1040,2085,401,0,484.3,13.31,IA
1570,5/4/2025,1165,2046,403,1,60.17,NaN,IA
1571,5/4/2025,1111,2032,403,3,3782.4,63.21,IA
1572,5/4/2025,1011,2013,401,1,1683.65,70.46,MO
1573,5/4/2025,1040,2003,404,0,385.18,67.08,OK
1574,5/4/2025,1018,2030,404,2,135.98,8.5,MO
1575,5/4/2025,1107,2025,403,1,754.97,35.4,NE
1576,5/4/2025,1199,2014,403,1,0,72.37,TX
1577,5/4/2025,1025,2030,404,1,0,81.34,OK
1578,5/4/2025,1096,2028,401,3,2551.76,75.8,OK
1579,5/4/2025,1149,2062,401,3,1858.08,28.81,KS
1580,5/4/2025,1037,2027,404,1,465.5,91.19,IA
1581,5/4/2025,1099,2047,402,3,0,20 usd,CO
1582,5/4/2025,1184,2024,403,2,198.83,55.23,MN
1583,5/4/2025,1051,2042,402,0,167.61,56.19,MO 
1584,5/4/2025,1177,2072,401,2,672.48,49.04,MN
1585,5/4/2025,1034,2014,404,3,985.2,82.59,MN
1586,5/4/2025,1107,2021,403,1,751.87,47.68,
1587,5/4/2025,1075,2077,402,1,2528.24,0,IL
1588,5/4/2025,1147,2070,402,0,34.18,27.31,OK
1589,5/4/2025,1105,2066,404,1,928.91,94.92,MO
1590,5/4/2025,1151,2060,404,2,653.41,45.51,IA
1591,5/4/2025,1003,2093,404,1,680.35,19.78,KS
1592,5/4/2025,1063,2041,404,1,2171.37,15.77,TX
1593,5/4/2025,1151,2019,401,3,933.93,12.91,KS
1594,5/4/2025,1011,2005,404,0,428.78,97.1,KS
1595,5/4/2025,1108,2067,404,3,290.95,76.94,tx
1596,5/4/2025,1178,2012,404,3,623.19,64,TX
1597,5/4/2025,1061,2010,401,3,389.2,78.23,OK
1598,5/4/2025,1055,2016,403,2,0,59.24,MO
1599,5/4/2025,1061,2082,401,0,266.6,13.1,KS
1600,5/4/2025,1122,2085,403,1,217.94,37.37,MN
1601,5/4/2025,1180,2058,401,3,666.75,free,MO
1602,5/4/2025,1118,2098,402,3,907.86,44.14,KS
1603,5/4/2025,1047,2047,404,0,334.98,22.55,KS
1604,5/4/2025,1160,2009,404,2,0,36.71,KS
1605,5/4/2025,1135,2004,403,3,3709,56.42,KS
1606,5/4/2025,1192,2034,402,0,0,43.35,MO
1607,5/4/2025,1158,2042,401,2,402.26,94.75,MO
1608,5/4/2025,1013,2014,404,2,197.04,90.03,NE
1609,5/4/2025,1119,2079,401,2,4562.59,74.23,IA
1610,5/4/2025,1093,2022,401,1,604.06,30.96,NE
1611,5/4/2025,1035,2042,402,0,335.22,17.94,MN
1612,5/4/2025,1166,2061,402,1,179.93,62.5,MO
1613,5/4/2025,1082,2045,403,3,312.14,16.4,NE
1614,5/4/2025,1070,2006,401,2,633.6,42.5,NE
1615,5/4/2025,1088,2057,404,0,436.98,37.43,TX
1616,5/4/2025,1120,2090,403,3,214.92,69.63,TX
1617,5/4/2025,1158,2047,401,1,904.45,28.06,TX
1618,5/4/2025,1117,2011,401,3,0,76.09,CO
1619,5/4/2025,1045,2036,401,0,217.98,"1,200",KS
1620,5/4/2025,1042,2035,401,1,809.99,42.11,IA
1621,5/4/2025,1127,2019,402,0,933.93,57.42,IA
1622,5/4/2025,1075,2053,402,3,2440.6,75.91,MO
1623,5/4/2025,1088,2053,404,0,610.15,93.48,MN
1624,5/4/2025,1074,2024,401,0,248.54,36.1,CO
1625,5/4/2025,1059,2066,403,3,2064.24,71.12,IL
1626,5/4/2025,1148,2043,403,3,873.45,89.57,MO 
1627,5/4/2025,1151,2085,404,3,726.45,70.52,KS
1628,5/4/2025,1077,2072,402,2,1008.72,69.69,CO
1629,5/4/2025,1043,2033,402,3,836.25,43.87,IL
1630,5/4/2025,1095,2036,401,1,392.36,28.78,MN
1631,5/4/2025,1090,2036,404,1,588.55,56.4,MO
1632,5/4/2025,1158,2020,403,1,676.49,59.69,MO
1633,5/4/2025,1044,2090,402,1,0,59.31,IL
1634,5/4/2025,1060,2014,401,2,591.12,83.59,NE
1635,5/4/2025,1147,2016,404,2,516.83,24.4,IL
1636,5/4/2025,1094,2023,402,0,1879.08,8.34,IA
1637,5/4/2025,1170,2040,403,1,0,26.78,IA
1638,5/4/2025,1095,2057,402,2,349.58,60.63,AR
1639,5/4/2025,1031,2003,404,3,0,84.49,TX
1640,5/4/2025,1196,2018,404,2,433.81,78.39,TX
1641,5/4/2025,1039,2000,403,2,775.45,86.43,CO
1642,5/4/2025,1121,2037,402,3,1080.42,27.02,IA
1643,5/4/2025,1086,2088,401,3,2837.4,54.88,KS
1644,5/4/2025,1010,2017,401,2,1112.88,84.6,IA
1645,5/4/2025,1006,2051,402,3,351.96,56.94,AR
1646,5/4/2025,1091,2011,403,0,819.48,79.1,MO
1647,5/4/2025,1155,2082,402,1,959.76,70.36,TX
1648,5/4/2025,1005,2098,403,1,817.07,7.45,IA
1649,5/4/2025,1005,2010,404,0,233.52,20.13,CO
1650,5/4/2025,1131,2050,402,3,747.12,21.69,IL
1651,5/4/2025,1081,2077,401,2,1797.86,free,MO
1652,5/4/2025,1101,2018,404,2,867.62,19.25,OK
1653,5/4/2025,1098,2047,401,2,1071.94,-10,IA
1654,5/4/2025,1088,2044,403,3,830.32,43.97,MN
1655,5/4/2025,1143,2011,402,3,1229.22,54.95,IA
1656,5/4/2025,1189,2053,404,2,1464.36,91.95,MO
1657,5/4/2025,1041,2093,404,3,2267.82,53.99,OK
1658,5/4/2025,1035,2075,401,1,1405.15,43.01,IL
1659,5/4/2025,1053,2038,404,2,2964.83,20 usd,IA
1660,5/4/2025,1016,2075,404,0,3122.56,87.98,OK
1661,5/4/2025,1001,2052,403,3,731.26,9.02,OK
1662,5/4/2025,1044,2071,404,1,553.64,74.28,KS
1663,5/4/2025,1051,2023,404,2,0,92.05,MO
1664,5/4/2025,1141,2062,401,2,1486.46,36.5,IA
1665,5/4/2025,1149,2038,404,3,926.51,10.46,IL
1666,5/4/2025,1057,2003,401,1,2079.97,16.61,NE
1667,5/4/2025,1067,2038,404,0,926.51,16.76,MO
1668,5/4/2025,1167,2085,403,3,242.15,35.69,tx
1669,5/4/2025,1045,2062,402,0,1858.08,77.05,AR
1670,5/4/2025,1030,2097,403,3,3368.4,5.8,IA
1671,5/4/2025,1017,2076,403,3,0,84.57,CO
1672,5/4/2025,1144,2055,403,3,161.82,98.01,KS
1673,5/4/2025,1177,2015,403,0,674.97,37.85,MO
1674,5/4/2025,1066,2020,401,1,1014.74,32.76,NE
1675,5/4/2025,1081,2059,402,2,409.64,73.68,NE
1676,5/4/2025,1041,2006,403,2,475.2,93.71,IL
1677,5/4/2025,1107,2081,403,0,3731.1,7.02,AR
1678,5/4/2025,1074,2037,401,1,0,75.9,OK
1679,5/4/2025,1196,2080,402,0,832.26,42.79,MN
1680,5/4/2025,1153,2096,402,2,1075.49,14.49,IA
1681,5/4/2025,1080,2087,403,2,127.46,15.33,TX
1682,5/4/2025,1175,2089,403,0,2067.6,96.5,KS
1683,5/4/2025,1136,2074,403,1,593.55,86.97,CO
1684,5/4/2025,1003,2017,403,2,1112.88,14.74,AR
1685,5/4/2025,1199,2062,404,2,990.98,32.49,MN
1686,5/4/2025,1041,2013,402,1,1683.65,64.26,OK
1687,5/4/2025,1128,2028,402,0,0,74.33,TX
1688,5/4/2025,1106,2058,401,0,1333.5,18.96,MN
1689,5/4/2025,1033,2002,404,2,1385.6,89.6,KS
1690,5/4/2025,1079,2088,403,1,2553.66,58.19,MO
1691,5/4/2025,1113,2076,403,1,0,89.7,TX
1692,5/4/2025,1181,2038,401,0,2779.53,91.25,NE
1693,5/4/2025,1056,2016,402,1,872.15,90.24,OK
1694,5/4/2025,1078,2016,402,1,872.15,79.49,OK
1695,5/4/2025,1020,2054,401,0,1801.02,40.94,OK
1696,5/4/2025,1004,2099,404,3,0,88.82,NE
1697,5/4/2025,1010,2025,401,0,559.24,27.86,IL
1698,5/4/2025,1168,2065,401,3,1411.02,5.09,CO
1699,5/4/2025,1030,2032,401,0,945.6,52.87,KS
1700,5/4/2025,1077,2085,401,0,0,40.64,MO
1701,5/4/2025,1005,2015,402,1,0,78.5,CO
1702,5/4/2025,1047,2085,403,0,242.15,31.58,MO
1703,5/4/2025,1023,2018,403,2,0,73.97,OK
1704,5/4/2025,1090,2020,402,0,751.66,83.47,OK
1705,5/4/2025,1025,2074,401,1,593.55,"1,200",CO
1706,5/4/2025,1183,2024,403,1,335.53,39,IA
1707,5/4/2025,1193,2068,401,0,820.24,99.63,IA
1708,5/4/2025,1054,2064,404,2,235.23,98.06,AR
1709,5/4/2025,1178,2075,402,3,5464.48,56.79,IL
1710,5/4/2025,1172,2013,402,2,2244.86,97.44,KS
1711,5/4/2025,1097,2054,402,1,810.46,55.75,IA
1712,5/4/2025,1104,2014,403,0,246.3,65.71,TX
1713,5/4/2025,1119,2014,402,3,1231.5,21.3,CO
1714,5/4/2025,1195,2046,403,0,100.29,27,CO
1715,5/4/2025,1021,2041,404,0,0,59.38,TX
1716,5/4/2025,1098,2036,404,2,0,99.47,TX
1717,5/4/2025,1175,2056,402,3,2098.88,80.28,AR
1718,5/4/2025,1074,2054,402,0,2701.53,69.02,KS
1719,5/4/2025,1121,2086,403,1,3218.76,98.94,KS
1720,5/4/2025,1003,2086,404,0,1788.2,59.21,AR
1721,5/4/2025,1101,2056,401,0,524.72,27.35,MN
1722,5/4/2025,1036,2050,404,0,747.12,80.85,MN
1723,5/4/2025,1189,2021,401,2,1336.66,97.06,IA
1724,5/4/2025,1050,2043,402,3,873.45,37.94,CO
1725,5/4/2025,1031,2029,404,3,40.53,90.04,OK
1726,5/4/2025,1071,2097,403,3,2526.3,12.41,MN
1727,5/4/2025,1091,2060,404,3,1225.14,64.25,OK
1728,5/4/2025,1130,2035,402,3,899.99,80.1,CO
1729,5/4/2025,1027,2015,403,3,0,30.59,MO
1730,5/4/2025,1127,2029,402,0,40.53,7.91,KS
1731,5/4/2025,1025,2094,401,0,1973.4,42.35,MN
1732,5/4/2025,1127,2086,401,1,4828.14,55.61,MN
1733,5/4/2025,1097,2077,403,1,2022.59,93.78,AR
1734,5/4/2025,1077,2079,401,0,1901.08,93.56,IA
1735,5/4/2025,1169,2096,404,3,672.18,37.62,MN
1736,5/4/2025,1051,2037,404,3,1800.7,0,TX
1737,5/4/2025,1129,2033,403,0,1672.5,32.29,IL
1738,5/4/2025,1195,2004,404,0,2781.75,93,KS
1739,5/4/2025,1098,2057,403,3,1310.94,80.38,KS
1740,5/4/2025,1113,2058,401,0,2000.25,15.19,IA
1741,5/4/2025,1045,2071,403,1,0,45.49,K S
1742,5/4/2025,1125,2055,402,2,86.3,80.28,MO
1743,5/4/2025,1183,2049,404,0,1879.68,58.34,MN
1744,5/4/2025,1145,2086,404,3,2682.3,86.36,AR
1745,5/4/2025,1121,2071,402,0,1845.48,95.78,MN
1746,5/4/2025,1100,2033,404,3,2508.75,37.1,AR
1747,5/4/2025,1157,2086,403,2,1430.56,87.35,MN
1748,5/4/2025,1082,2007,401,0,1750.17,36.57,IA
1749,5/4/2025,1032,2046,403,0,167.15,88.45,KS
1750,5/4/2025,1195,2080,403,3,3329.04,-10,XX
1751,5/4/2025,1024,2054,403,2,0,54.38,MN
1752,5/4/2025,1105,2044,401,1,373.64,45.19,TX
1753,5/4/2025,1063,2030,403,0,509.91,71.85,AR
1754,5/4/2025,1176,2008,403,0,133.18,15.06,IA
1755,5/4/2025,1086,2021,401,2,2004.98,13.8,OK
1756,5/4/2025,1009,2058,404,3,2000.25,37.78,CO
1757,5/4/2025,1068,2002,404,0,0,50.61,AR
1758,5/4/2025,1081,2048,404,2,572.21,8.11,IA
1759,5/4/2025,1146,2012,404,0,623.19,14.71,MO
1760,5/4/2025,1176,2086,402,2,1430.56,47.08,NE
1761,5/4/2025,1127,2064,403,1,529.27,59.78,MN
1762,5/4/2025,1157,2038,403,3,4632.55,60.59,IL
1763,5/4/2025,1051,2063,401,1,0,86.29,CO
1764,5/4/2025,1073,2033,401,2,1338,88.84,NE
1765,5/4/2025,1146,2051,402,0,0,78.62,MN
1766,5/4/2025,1183,2074,401,2,0,"1,200",IA
1767,5/4/2025,1069,2008,404,3,66.59,73.28,NE
1768,5/4/2025,1053,2044,401,2,332.13,19.18,KS
1769,5/4/2025,1129,2038,404,2,0,30.2,CO
1770,5/4/2025,1051,2053,404,2,488.12,25.01,AR
1771,5/4/2025,1159,2065,404,1,1693.22,80.08,MO
1772,5/4/2025,1004,2080,402,3,3329.04,59.52,KS
1773,5/4/2025,1054,2084,404,2,901.92,13.89,IA
1774,5/4/2025,1163,2068,404,0,1640.48,23.89,IL
1775,5/4/2025,1133,2025,403,3,838.86,49.66,NE
1776,5/4/2025,1037,2030,402,2,271.95,19.42,NE
1777,5/4/2025,1111,2052,403,0,731.26,15.94,KS
1778,5/4/2025,1162,2026,404,2,169.25,8.03,IA
1779,5/4/2025,1073,2082,402,2,213.28,74.32,MO
1780,5/4/2025,1175,2076,402,3,806.07,66.81,IL
1781,5/4/2025,1061,2014,402,1,665.01,42.5,CO
1782,5/4/2025,1007,2031,403,3,1695.9,17.24,MN
1783,5/4/2025,1124,2071,404,3,1845.48,67.24,NE
1784,5/4/2025,1165,2004,402,1,1669.05,26.74,TX
1785,5/4/2025,1069,2017,401,2,0,17.38,MO
1786,5/4/2025,1071,2084,402,0,281.85,93.37,OK
1787,5/4/2025,1184,2062,401,0,2477.44,47.1,KS
1788,5/4/2025,1021,2040,403,0,69.08,90.61,AR
1789,5/4/2025,1104,2046,401,3,167.15,87.31,MO
1790,5/4/2025,1185,2017,402,0,1854.8,65.78,AR
1791,5/4/2025,1146,2094,401,2,789.36,32.08,IA
1792,5/4/2025,1127,2011,402,0,409.74,free,CO
1793,5/4/2025,1197,2040,403,3,138.16,44.19,NE
1794,5/4/2025,1191,2095,402,3,1963.16,free,AR
1795,5/4/2025,1055,2018,401,1,488.03,53.29,OK
1796,5/4/2025,1054,2035,404,3,899.99,39.31,CO
1797,5/4/2025,1065,2075,401,3,3903.2,22.26,CO
1798,5/4/2025,1136,2047,401,2,267.98,58.32,AR
1799,5/4/2025,1139,2054,404,1,3241.84,92.59,OK
1800,5/4/2025,1071,2018,403,3,0,86.11,MO 
1801,5/4/2025,1183,2047,403,0,1004.94,80.53,MO
1802,5/4/2025,1165,2077,401,0,1685.49,29.96,NE
1803,5/4/2025,1176,2085,402,2,581.16,59.55,AR
1804,5/4/2025,1141,2049,403,2,1503.74,52.67,MN
1805,5/4/2025,1175,2015,402,3,674.97,65.69,KS
1806,5/4/2025,1099,2001,404,2,0,44.03,OK
1807,5/4/2025,1077,2011,402,2,655.58,83.94,AR
1808,5/4/2025,1053,2020,404,2,601.33,99.59,TX
1809,5/4/2025,1196,2082,404,0,533.2,7.5,TX
1810,5/4/2025,1070,2010,404,3,311.36,67.77,MO
1811,5/4/2025,1188,2052,403,3,2925.04,12.95,AR
1812,5/4/2025,1025,2020,403,0,375.83,18.93,KS
1813,5/4/2025,1090,2053,403,3,1830.45,67.84,MO
1814,5/4/2025,1177,2003,401,1,346.66,76.99,TX
1815,5/4/2025,1161,2056,402,0,1049.44,40.51,MO
1816,5/4/2025,1102,2025,403,2,0,83.74,IA
1817,5/4/2025,1147,2010,401,1,70.06,19.99,TX
1818,5/4/2025,1063,2066,402,3,516.06,73.99,OK
1819,5/4/2025,1081,2057,404,1,786.56,72.77,IL
1820,5/4/2025,1066,2022,403,2,536.94,28.57,TX
1821,5/4/2025,1050,2010,404,2,62.27,93.45,MN
1822,5/4/2025,1046,2050,404,1,336.2,45.06,IL
1823,5/4/2025,1005,2002,402,0,3464,53.61,IA
1824,5/4/2025,1118,2025,403,1,0,77.2,OK
1825,5/4/2025,1012,2051,404,2,93.86,43.01,CO
1826,5/4/2025,1038,2011,403,1,1475.06,55.08,MN
1827,5/4/2025,1145,2015,401,3,2024.91,90.13,NE
1828,5/4/2025,1197,2058,404,0,666.75,15.26,NE
1829,5/4/2025,1057,2091,402,1,815.21,53.55,OK
1830,5/4/2025,1005,2034,403,3,544.68,29.91,MN
1831,5/4/2025,1097,2016,404,1,290.72,85.29,TX
1832,5/4/2025,1153,2027,403,1,698.25,59.46,CO
1833,5/4/2025,1107,2023,404,1,2536.76,84.17,IA
1834,5/4/2025,1007,2037,403,1,648.25,64.14,OK
1835,5/4/2025,1158,2057,402,2,699.17,97.65,OK
1836,5/4/2025,1149,2087,404,0,637.28,37.33,IL
1837,5/4/2025,1002,2060,402,2,326.7,85.26,TX
1838,5/4/2025,1177,2050,402,3,186.78,50.08,OK
1839,5/4/2025,1181,2054,403,0,1801.02,34.87,OK
1840,5/4/2025,1024,2071,401,0,615.16,5.73,MO
1841,5/4/2025,1085,2030,404,2,407.93,20 usd,OK
1842,5/4/2025,1155,2085,401,0,726.45,36.05,OK
1843,5/4/2025,1064,2064,404,2,940.93,56.06,MO
1844,5/4/2025,1101,2085,403,1,217.94,45.39,NE
1845,5/4/2025,1143,2005,402,2,343.02,44.78,IL
1846,5/4/2025,1043,2064,404,2,235.23,69.15,IA
1847,5/4/2025,1119,2016,401,2,258.42,50.44,TX
1848,5/4/2025,1181,2067,404,1,523.71,31.69,KS
1849,5/4/2025,1066,2014,403,0,0,99.37,MO
1850,5/4/2025,1032,2063,403,2,441.97,99.21,IA
1851,5/4/2025,1110,2036,403,2,348.77,93.44,IL
1852,5/4/2025,1132,2040,404,1,124.34,15.54,IA
1853,5/4/2025,1080,2094,404,1,0,60.93,OK
1854,5/4/2025,1142,2084,404,0,0,95.06,IA
1855,5/4/2025,1048,2019,401,1,840.54,76.48,??
1856,5/4/2025,1046,2004,404,2,741.8,87.64,KS
1857,5/4/2025,1041,2090,404,3,358.2,74.44,TX
1858,5/4/2025,1029,2063,401,3,1657.38,68.13,IA
1859,5/4/2025,1091,2090,404,3,214.92,38.59,MO
1860,5/4/2025,1126,2014,402,0,492.6,-10,K S
1861,5/4/2025,1089,2011,402,2,1638.96,26.8,NE
1862,5/4/2025,1046,2021,403,1,2255.61,42.65,TX
1863,5/4/2025,1149,2000,402,3,4846.55,95.77,IL
1864,5/4/2025,1019,2031,404,0,1695.9,63.86,TX
1865,5/4/2025,1084,2003,403,0,0,27.89,MN
1866,5/4/2025,1100,2047,401,2,803.95,64.1,MN
1867,5/4/2025,1039,2003,401,3,1155.54,98.6,TX
1868,5/4/2025,1181,2084,404,3,1127.4,8.46,KS
1869,5/4/2025,1160,2034,401,2,326.81,24.35,CO
1870,5/4/2025,1011,2083,404,2,614.53,98.61,CO
1871,5/4/2025,1187,2093,402,1,680.35,53.89,MO
1872,5/4/2025,1012,2082,403,2,853.12,22.59,IA
1873,5/4/2025,1014,2095,401,3,0,53.25,MN
1874,5/4/2025,1023,2051,403,1,211.18,33.07,AR
1875,5/4/2025,1061,2098,404,0,2723.58,65.91,KS
1876,5/4/2025,1005,2026,402,3,211.56,18.13,AR
1877,5/4/2025,1199,2051,403,1,0,78.44,MO
1878,5/4/2025,1030,2038,404,3,3706.04,31.5,AR
1879,5/4/2025,1188,2039,402,2,1562.3,90.2,OK
1880,5/4/2025,1170,2012,403,1,560.87,71.89,NE
1881,5/4/2025,1125,2057,404,3,1310.94,30.54,MN
1882,5/4/2025,1068,2072,404,0,420.3,32.95,IA
1883,5/4/2025,1193,2054,403,1,0,NaN,CO
1884,5/4/2025,1111,2080,404,0,1664.52,51.1,MN
1885,5/4/2025,1010,2065,403,3,0,90.2,MO
1886,5/4/2025,1173,2028,402,3,2551.76,85.68,CO
1887,5/4/2025,1134,2080,401,2,1331.62,57.56,MO
1888,5/4/2025,1119,2055,401,3,269.7,53.5,KS
1889,5/4/2025,1076,2019,402,2,747.14,79.49,KS
1890,5/4/2025,1063,2066,404,2,0,18.09,IL
1891,5/4/2025,1145,2006,401,0,0,88.76,IL
1892,5/4/2025,1131,2013,404,3,4676.8,84.18,MO
1893,5/4/2025,1024,2059,403,2,0,83.9,??
1894,5/4/2025,1065,2074,401,0,3297.5,10.02,IA
1895,5/4/2025,1029,2094,404,1,0,89.31,
1896,5/4/2025,1046,2050,401,0,560.34,17.94,OK
1897,5/4/2025,1106,2090,403,2,114.62,79.7,CO
1898,5/4/2025,1150,2092,404,3,482.21,49.06,KS
1899,5/4/2025,1159,2033,403,1,752.62,94.97,TX
1900,5/4/2025,1054,2023,401,2,751.63,45.87,AR
1901,5/4/2025,1172,2013,404,0,1870.72,59.53,IL
1902,5/4/2025,1001,2050,401,0,560.34,61.34,MN
1903,5/4/2025,1043,2083,404,3,2304.48,84.45,KS
1904,5/4/2025,1177,2051,404,2,281.57,25.26,MO 
1905,5/4/2025,1158,2078,403,3,568.04,89.78,NE
1906,5/4/2025,1077,2011,402,1,368.77,87.78,IA
1907,5/4/2025,1003,2024,401,0,248.54,60.89,NE
1908,5/4/2025,1178,2024,401,1,223.69,35.2,NE
1909,5/4/2025,1123,2083,402,1,1382.69,36.43,MO
1910,5/4/2025,1111,2080,402,0,3329.04,39.6,OK
1911,5/4/2025,1077,2098,404,1,817.07,15.18,TX
1912,5/4/2025,1121,2054,401,0,0,99.69,TX
1913,5/4/2025,1042,2019,404,3,933.93,33.02,TX
1914,5/4/2025,1120,2002,404,1,1558.8,40.24,NE
1915,5/4/2025,1051,2037,404,0,0,68.35,IA
1916,5/4/2025,1085,2001,401,3,412.35,77.16,MO
1917,5/4/2025,1106,2063,403,0,0,70.21,MN
1918,5/4/2025,1124,2051,404,3,351.96,95.81,TX
1919,5/4/2025,1059,2091,401,0,1811.58,61.04,AR
1920,5/4/2025,1108,2073,403,0,1498.29,32.35,MN
1921,5/4/2025,1068,2082,404,3,0,16.98,MO
1922,5/4/2025,1029,2063,403,3,3314.76,64.55,KS
1923,5/4/2025,1178,2055,401,1,242.73,76.25,AR
1924,5/4/2025,1073,2092,402,3,482.21,51.25,
1925,5/4/2025,1088,2056,402,1,1888.99,9.19,NE
1926,5/4/2025,1150,2087,403,3,477.96,85.59,IL
1927,5/4/2025,1033,2037,404,3,1440.56,48.56,IA
1928,5/4/2025,1172,2083,403,3,2304.48,98.61,AR
1929,5/4/2025,1041,2079,402,2,2281.3,22.74,MN
1930,5/4/2025,1176,2095,401,3,1472.37,8.04,MO
1931,5/4/2025,1033,2022,402,1,1208.12,65.53,CO
1932,5/4/2025,1155,2062,401,3,1858.08,16.08,OK
1933,5/4/2025,1126,2038,402,1,1667.72,92.74,TX
1934,5/4/2025,1142,2006,401,2,0,22.68,IA
1935,5/4/2025,1066,2045,402,1,1123.7,27.83,IA
1936,5/4/2025,1128,2004,401,2,2967.2,49.02,MO
1937,5/4/2025,1110,2014,402,0,246.3,76.43,MO
1938,5/4/2025,1143,2028,404,2,1531.06,38.49,CO
1939,5/4/2025,1087,2045,401,2,0,78.42,CO
1940,5/4/2025,1038,2088,401,0,1418.7,49.06,TX
1941,5/4/2025,1112,2058,401,0,0,92.13,TX
1942,5/4/2025,1005,2078,401,0,426.03,91.32,TX
1943,5/4/2025,1129,2013,402,0,1870.72,53.82,IA
1944,5/4/2025,1052,2046,402,2,26.74,93.03,NE
1945,5/4/2025,1181,2056,404,0,0,74.46,CO
1946,5/4/2025,1039,2082,403,2,0,74.89,MO
1947,5/4/2025,1035,2015,402,3,3374.85,73.11,TX
1948,5/4/2025,1106,2098,401,1,1634.15,17.41,KS
1949,5/4/2025,1121,2043,403,1,1572.21,10.46,MN
1950,5/4/2025,1021,2034,403,3,544.68,17.54,KS
1951,5/4/2025,1092,2080,402,1,3745.17,49.62,OK
1952,5/4/2025,1192,2096,404,1,1814.89,30.05,CO
1953,5/4/2025,1035,2054,404,3,0,16.26,
1954,5/4/2025,1117,2066,403,0,0,95.63,MO
1955,5/4/2025,1113,2018,401,0,1084.52,33.8,IL
1956,5/4/2025,1021,2043,403,3,2620.35,42.19,NE
1957,5/4/2025,1197,2021,404,0,1670.82,40.81,TX
1958,5/4/2025,1100,2097,401,1,2273.67,29.29,OK
1959,5/4/2025,1147,2007,403,3,0,14.63,CO
1960,5/4/2025,1102,2087,403,2,0,63.68,MN
1961,5/4/2025,1088,2001,403,1,1113.34,69.86,IL
1962,5/4/2025,1179,2051,404,1,211.18,48.79,IA
1963,5/4/2025,1139,2079,404,2,2281.3,8.3,NE
1964,5/4/2025,1005,2083,404,1,691.34,40.13,TX
1965,5/4/2025,1077,2010,401,2,186.82,72.65,IL
1966,5/4/2025,1099,2092,402,2,1157.3,58.61,IL
1967,5/4/2025,1054,2011,403,2,327.79,17.01,IA
1968,5/4/2025,1193,2081,402,0,2238.66,92.12,IL
1969,5/4/2025,1007,2069,403,1,836.6,42.72,TX
1970,5/4/2025,1198,2038,404,0,1853.02,73.15,KS
1971,5/4/2025,1187,2007,403,2,466.71,23.56,IA
1972,5/4/2025,1160,2064,403,0,1176.16,44.2,TX
1973,5/4/2025,1012,2096,401,3,672.18,74.43,TX
1974,5/4/2025,1076,2073,401,3,499.43,13.78,CO
1975,5/4/2025,1086,2030,402,2,407.93,80.76,IL
1976,5/4/2025,1076,2036,402,3,217.98,87.62,MO
1977,5/4/2025,1133,2094,402,0,1973.4,59.84,OK
1978,5/4/2025,1083,2066,402,2,1238.54,10.88,MO
1979,5/4/2025,1116,2012,402,3,0,39.91,CO
1980,5/4/2025,1105,2010,401,0,155.68,22.7,TX
1981,5/4/2025,1108,2016,404,1,872.15,96.93,KS
1982,5/4/2025,1114,2009,403,3,198.93,8.33,KS
1983,5/4/2025,1150,2071,404,2,492.13,62.09,IA
1984,5/4/2025,1149,2063,404,3,2762.3,89.86,NE
1985,5/4/2025,1176,2062,404,1,557.42,89.89,MN
1986,5/4/2025,1036,2064,402,3,294.04,38.63,IA
1987,5/4/2025,1182,2058,402,0,0,20 usd,MO
1988,5/4/2025,1177,2027,404,3,1034.44,8.66,MO
1989,5/4/2025,1008,2095,402,2,0,96.46,CO
1990,5/4/2025,1030,2077,404,0,1123.66,29.9,IL
1991,5/4/2025,1030,2047,403,0,334.98,25.59,IA
1992,5/4/2025,1133,2019,401,2,747.14,62.71,IL
1993,5/4/2025,1078,2047,403,2,535.97,86.72,IA
1994,5/4/2025,1124,2003,402,1,1386.65,40.3,MO
1995,5/4/2025,1005,2075,404,0,3122.56,66.54,CO
1996,5/4/2025,1078,2036,402,1,588.55,26.77,CO
1997,5/4/2025,1189,2062,401,0,2477.44,25.88,OK
1998,5/4/2025,1140,2044,401,0,207.58,39.71,KS
1999,5/4/2025,1106,2061,403,3,599.76,64.49,KS
2000,5/4/2025,1086,2048,404,1,321.87,45.69,MO
,,,,,,,,
